-- phpMyAdmin SQL Dump
-- version 5.1.1
-- https://www.phpmyadmin.net/
--
-- Host: 127.0.0.1
-- Waktu pembuatan: 15 Jul 2021 pada 20.44
-- Versi server: 10.4.19-MariaDB
-- Versi PHP: 8.0.7

SET SQL_MODE = "NO_AUTO_VALUE_ON_ZERO";
START TRANSACTION;
SET time_zone = "+00:00";


/*!40101 SET @OLD_CHARACTER_SET_CLIENT=@@CHARACTER_SET_CLIENT */;
/*!40101 SET @OLD_CHARACTER_SET_RESULTS=@@CHARACTER_SET_RESULTS */;
/*!40101 SET @OLD_COLLATION_CONNECTION=@@COLLATION_CONNECTION */;
/*!40101 SET NAMES utf8mb4 */;

--
-- Database: `toko_bunga`
--

-- --------------------------------------------------------

--
-- Struktur dari tabel `cart`
--

CREATE TABLE `cart` (
  `ID_CART` int(11) NOT NULL,
  `ID_USER` int(11) DEFAULT NULL,
  `PROMO` varchar(100) DEFAULT NULL,
  `PRICE` decimal(50,0) DEFAULT NULL,
  `DELIVERY_CHARGE` decimal(50,0) DEFAULT NULL,
  `GRAND_TOTAL` decimal(50,0) DEFAULT NULL,
  `status` varchar(100) NOT NULL
) ENGINE=InnoDB DEFAULT CHARSET=utf8mb4;

--
-- Dumping data untuk tabel `cart`
--

INSERT INTO `cart` (`ID_CART`, `ID_USER`, `PROMO`, `PRICE`, `DELIVERY_CHARGE`, `GRAND_TOTAL`, `status`) VALUES
(3027, 2001, 'COBAAJA', '100000', '5000', '1300000', 'selesai'),
(3063, 2001, 'COBAAJA', '150000', '34000', '3595000', 'selesai'),
(3064, 2001, 'COBAAJA', '10000', '12000', '473333', 'berjalan');

-- --------------------------------------------------------

--
-- Struktur dari tabel `cart_item`
--

CREATE TABLE `cart_item` (
  `ID_CART_ITEM` int(11) NOT NULL,
  `ID_CART` int(11) DEFAULT NULL,
  `ID_PRODUCT` int(11) DEFAULT NULL,
  `PRICE` decimal(50,0) DEFAULT NULL,
  `DISCOUNT` decimal(50,0) DEFAULT NULL,
  `QUANTITY` decimal(50,0) DEFAULT NULL,
  `tmp_price` int(11) NOT NULL
) ENGINE=InnoDB DEFAULT CHARSET=utf8mb4;

--
-- Dumping data untuk tabel `cart_item`
--

INSERT INTO `cart_item` (`ID_CART_ITEM`, `ID_CART`, `ID_PRODUCT`, `PRICE`, `DISCOUNT`, `QUANTITY`, `tmp_price`) VALUES
(501293, 3027, 4011, '100000', '500', '1', 0),
(501294, 3027, 4021, '10000', '5000', '1', 0),
(501295, 3027, 4023, '5000', '500', '1', 0),
(501296, 3027, 4020, '15000', '500', '1', 0),
(501298, 3063, 4016, '150000', '15000', '17', 2400000),
(501302, 3063, 4021, '10000', '5000', '9', 80000),
(501304, 3063, 4020, '15000', '500', '2', 5000),
(501305, 3063, 4023, '5000', '500', '3', 10000),
(501307, 3063, 4024, '1000000', '50000', '2', 1000000),
(501308, 3063, 4011, '100000', '500', '2', 100000),
(501325, 3064, 4021, '10000', '5000', '5', 40000),
(501327, 3064, 4011, '100000', '500', '2', 100000),
(501328, 3064, 4022, '15000', '500', '1', 0),
(501332, 3064, 4027, '5000', '0', '1', 0),
(501333, 3064, 4024, '1000000', '50000', '2', 333333),
(501334, 3064, 4023, '5000', '500', '1', 0);

-- --------------------------------------------------------

--
-- Struktur dari tabel `category`
--

CREATE TABLE `category` (
  `ID_CATEGORY` int(11) NOT NULL,
  `NAME` varchar(100) NOT NULL
) ENGINE=InnoDB DEFAULT CHARSET=utf8mb4;

--
-- Dumping data untuk tabel `category`
--

INSERT INTO `category` (`ID_CATEGORY`, `NAME`) VALUES
(3001, 'BUNGA POT BESAR'),
(3002, 'BUNGA POT KECIL'),
(3003, 'POHON HIAS');

-- --------------------------------------------------------

--
-- Struktur dari tabel `category_product`
--

CREATE TABLE `category_product` (
  `id_kunci` int(11) NOT NULL,
  `ID_CATEGORY` int(11) DEFAULT NULL,
  `ID_PRODUCT` int(11) DEFAULT NULL
) ENGINE=InnoDB DEFAULT CHARSET=utf8mb4;

--
-- Dumping data untuk tabel `category_product`
--

INSERT INTO `category_product` (`id_kunci`, `ID_CATEGORY`, `ID_PRODUCT`) VALUES
(9, 3002, 4011),
(14, 3003, 4016),
(16, 3003, 4020),
(17, 3002, 4021),
(18, 3002, 4022),
(19, 3001, 4023),
(20, 3001, 4024),
(23, 3001, 4027);

-- --------------------------------------------------------

--
-- Struktur dari tabel `checkout`
--

CREATE TABLE `checkout` (
  `ID_CHECKOUT` int(11) NOT NULL,
  `NAME` varchar(100) DEFAULT NULL,
  `ADDRESS` varchar(1000) DEFAULT NULL,
  `COUNTRY` varchar(100) DEFAULT NULL,
  `PAYMENT` varchar(20) DEFAULT NULL,
  `NAME_CARD` varchar(100) DEFAULT NULL,
  `NUMBER_CARD` int(100) DEFAULT NULL,
  `EXPIRE` date DEFAULT NULL,
  `CVV` int(3) DEFAULT NULL,
  `ID_CART` int(11) DEFAULT NULL
) ENGINE=InnoDB DEFAULT CHARSET=utf8mb4;

--
-- Dumping data untuk tabel `checkout`
--

INSERT INTO `checkout` (`ID_CHECKOUT`, `NAME`, `ADDRESS`, `COUNTRY`, `PAYMENT`, `NAME_CARD`, `NUMBER_CARD`, `EXPIRE`, `CVV`, `ID_CART`) VALUES
(10003, 'awda', 'awdaw', 'awdaw', 'credit', 'adwawda', 0, '2021-07-21', 123, 3027),
(10004, 'Rudi Haryanto', 'Sidoarjo', 'Indonesia', 'debit', 'Rudi Haryanto', 2147483647, '2021-07-21', 153, 3063);

-- --------------------------------------------------------

--
-- Struktur dari tabel `db_admin`
--

CREATE TABLE `db_admin` (
  `ID_ADMIN` int(11) NOT NULL,
  `FIRST_NAME` varchar(100) NOT NULL,
  `LAST_NAME` varchar(100) NOT NULL,
  `EMAIL` varchar(100) NOT NULL,
  `PASSWORD` varchar(100) NOT NULL
) ENGINE=InnoDB DEFAULT CHARSET=utf8mb4;

--
-- Dumping data untuk tabel `db_admin`
--

INSERT INTO `db_admin` (`ID_ADMIN`, `FIRST_NAME`, `LAST_NAME`, `EMAIL`, `PASSWORD`) VALUES
(1001, 'Bima', 'Pradipa', 'bimapradipa@gmail.com', 'aaaa'),
(1002, 'admin', 'admin', 'admin', 'admin');

-- --------------------------------------------------------

--
-- Struktur dari tabel `db_user`
--

CREATE TABLE `db_user` (
  `ID_USER` int(11) NOT NULL,
  `FIRST_NAME` varchar(100) NOT NULL,
  `LAST_NAME` varchar(100) NOT NULL,
  `EMAIL` varchar(100) NOT NULL,
  `PASSWORD` varchar(100) NOT NULL,
  `PROVINSI` varchar(100) DEFAULT NULL,
  `CITY` varchar(100) DEFAULT NULL,
  `DISTRICTS` varchar(100) DEFAULT NULL,
  `PHOTO` longblob DEFAULT NULL,
  `PHONE` int(11) DEFAULT NULL,
  `FAVORITE` decimal(50,0) DEFAULT NULL
) ENGINE=InnoDB DEFAULT CHARSET=utf8mb4;

--
-- Dumping data untuk tabel `db_user`
--

INSERT INTO `db_user` (`ID_USER`, `FIRST_NAME`, `LAST_NAME`, `EMAIL`, `PASSWORD`, `PROVINSI`, `CITY`, `DISTRICTS`, `PHOTO`, `PHONE`, `FAVORITE`) VALUES
(2001, 'user', 'user', 'user@gmail.com', 'aaaa', 'sidoarjo', 'bandara', 'malang', 0xffd8ffe000104a46494600010101000100010000ffe10bee45786966000049492a002e000000010000000100000001000000010000000100009002000000000000000000000000001800000006001201030001000000010000001a01050001000000080000001b01050001000000100000002801030001000000020000001302030001000000ffff0000698704000100000018000000140b000000000000010000000000000001000000080008000800ffd8ffe000104a46494600010101012c012c0000ffdb00430006040506050406060506070706080a100a0a09090a140e0f0c1017141818171416161a1d251f1a1b231c1616202c20232627292a29191f2d302d283025282928ffdb0043010707070a080a130a0a13281a161a2828282828282828282828282828282828282828282828282828282828282828282828282828282828282828282828282828ffc0001108006a00a003012200021101031101ffc4001f0000010501010101010100000000000000000102030405060708090a0bffc400b5100002010303020403050504040000017d01020300041105122131410613516107227114328191a1082342b1c11552d1f02433627282090a161718191a25262728292a3435363738393a434445464748494a535455565758595a636465666768696a737475767778797a838485868788898a92939495969798999aa2a3a4a5a6a7a8a9aab2b3b4b5b6b7b8b9bac2c3c4c5c6c7c8c9cad2d3d4d5d6d7d8d9dae1e2e3e4e5e6e7e8e9eaf1f2f3f4f5f6f7f8f9faffc4001f0100030101010101010101010000000000000102030405060708090a0bffc400b51100020102040403040705040400010277000102031104052131061241510761711322328108144291a1b1c109233352f0156272d10a162434e125f11718191a262728292a35363738393a434445464748494a535455565758595a636465666768696a737475767778797a82838485868788898a92939495969798999aa2a3a4a5a6a7a8a9aab2b3b4b5b6b7b8b9bac2c3c4c5c6c7c8c9cad2d3d4d5d6d7d8d9dae2e3e4e5e6e7e8e9eaf2f3f4f5f6f7f8f9faffda000c03010002110311003f00f7fdb405a976d1b6801816942e6a4db46da006e2936d498a31401162822a4db46da0084800124e00af31f11fc6bf0b68f7725b5b1b9d4a68db6b9b541b01f4dc4807f0cd5afda0b5cb9d0fe1d5c2d8b325cdfcab66ae0e0a86c96c7e008fc6bc9bc2bf0525d4f4b49aff0055fb2bc899f2e24dc01f724d673a8a1b9ad3a4e7b1e9ba17c6cf0c6a532c578b75a696380d72836fe24138af4d8258ee2149ade4496270195d0e430f506be68d6be05a5a5a48f0eb0f24e395de9c62ba8fd9b350d42d2f35bf0c6a1379b1da059e0e73b7270c07b720d28558cdd90ea519415d9ee78a36d3f6d2815a988d02940a7814e0b400d0b4f0b4a053c0a00455a705a7014e02802aeda36d498a502801816976d3c0a5c50047b6936d4b8a4c500478a422a5c5262803c97f684b35d47c3ba659e1f78be8e6e071b41da79f5f9bf4ae7b4cf17eb7a75c47670e951bc6adb4643962beb9c6338af52f887a5c9a8f87e768155a6814c801ef8e7f9815e74de32b282cadd12c5a6ba68b28428cb1f40c6b8711cdcfa9e961545c34dc6f8e3c6ba8d8cdf668746332346acf2e4e1770e9c0ac7f82122c7f10efae6e91e29afed0222632339dc79fa28fcea5b8f1d41fdb58b8d1ee1629155409806dcc07403fad74df0d74e7d53c557dad88d52d2063127a97c74c7b035346ea7a22aba8f23bb3d5f14014eef4a057a07962014e02940a701400014f51428a78a004029e050053c0a00ab8a5c52e296801314629d8a2801b8a08a7518a00662908a71a4271d680239631246c8e32ac0823dabe6eb0ba6d0354bbd3751fddc1e63182664dca083c7d2be9293798dbc900be0edddd335e49e22d17cf8654bf8c09f24b647afa572e29e88ecc23b3679f6bde238c7ce2ea3b9bb60562f263c6df7e4d7b67c28d3469de06d3c1cf9b700dc484f5dcc7fc315e21168b6f15f3b2c6b853f7b15ee3e02d5249342861b9b668638008a393b381df153876b98bc5ddc4eb71401488cae32a411ed4f02bb0e00029c2814a050028a7814829e280140a70a414e14015a969052d0014b494b4001a4a5a8ee1ca432328248524014002fcedc1f9475a7f91b707ad4360eaf6c983ce39ab68e1971dc1a006edc631da99756b05d2edb8823947a328353e2918f0686ae09db6325f44d281529a75b6ecf1941d6a692d17000000ec00c01574806453430a4925b0db6f733ded71964254e7a8a88dc3db9413e0873d7a11fe35a3238181f8ff009fcab36f55764923e37118cfa0f4a62340538551d1a7fb469f13e738cae7d7071fd2af0a0078a70a68a70a0070a70a68a70a00ab4b4d0696801734b4da4cd003ea1bce6d26c120ec3823a8e2a4cd54d5a568b4abc913ef242ec3ea14d0047a4fee2ca137b728c768f9a4c2b55e1736f248a219919bd01e4d794f84b506d4acd6e6798cb23f2589ad2d4b549609605b25492e8b808ac4804e7be3b5717d6f5b58effa969bea7a509067ad34b8cd72961aec979e6452aa47790e37aa125581e8ca4f6ed5a76d74651d7e61cd7529292ba38e50717666c06c05a6cb200b9aaaf3811862c1467a93583ab6b263924d9fea930148e777a9a1c92dc23072d91bd1b19a70074039fd6aaeb00ac27e5ddc70b9ff000ac3d2fc4f0248ca636695973cf03146abe289e15256de061ef9ace55e11dd9ac70f525b2357c27217d2cee2372cae080a571cf4c1e6b6c5721e01d6ff00b606a59816268a50085390723ffad5d7035b464a4ae8c651717663c5385301a70a6492034e151834e06802a034b9a88353835003c9a4cd266909a007e691d55d191c06561820f4229b9a33401e23a72be81e24d574b29b6086e18c600e02372bfa1ae9e182d64b84b8456128c9041e955fe28c674cd7f4dd5d23cc33afd9a66c701872b9fa8c8fc2b2ef3c470c518f9c4408fbb5e4d6a7cb367b3467cf4d3474a91451cc255976c80101bd8f6a49b534b7259aef18f4e2b81bad7de5e2363cf4e6a834ad286964596e31c955ced1f5349396c8a708ef23bc3aea5c391133381d5989c0aa526b69aa486dac4f98633869178507d335c4c53c97b38fb76f1629d6de1f9437d48e715d3dbeb7a7c312c705bac28a30aaa0002a5dca4923512ca552af35daf1fdd155f58b958edb6abe703a939354e4d46298fca4806aaea725aad949248dc8078ee4d4729699d97c1652da7eaf3b757ba0b9fa28ff001af47cd70ff07e031782a09d9706ea579ff02703f402bb606bd9a4ad048f0eb3bcdb24069c0d460d381ab3324069c0d459a703401cb7f6d859678c44731304cb36d04938ce7d3d4d38ebcaa8ac606232036d39c7dfc91ea3e4cd5b08a49caa9cf5c8a991178f9471ed401913789846c8a614f9916420bf2148ceec63ee819e7d4558835df35623e4ae1f19c49d72db7e5e3e6e41f4e3154b538216d6a7668a32c74c9132547ddddd3e95aba1451ae8ba7058d004b740b81d3e51d287a32924e37f329af884187cc6b76e5c20c1381904e4f1edc9e957ecb51173777306c0a612390d9dc3d7f4ab7b13fbabf9522a2a92554027ae075a0923d42cedb50b492d6f6249a09061918715f38ddc1bb5ab985f718d2428809e8013ff00d6afa52be76b9e75eb93dfce7fe75128a7ba3484e51d132fdad85ba28fdd8fa9e6b5ad204ddb0c671db1d0d53b7e82ba8d180c2f02928a5b039b7bb336f3c2afa9c2f279a6dd801e59418c7d6b9bbed2a4b222196577973f788e2bd7081e5af15c5f8ac0dbd3f8a93a717ba2a3566b667057692c5d27622babf047840789f48927bbbe9238d6631322a649000ce0e78eb5cc5ffdc3f5af54f839ff0022ccff00f5f2dffa0ad25461d8a788a9dcee2c6de1b2b386d6d902410a08d1476006055806a3a70ad8e72406941a6528a00901a5cd3052d007ffd9001100fe00040001000000000000000001040001000000a000000001010400010000006a00000002010300030000008c0000000301030001000000060000000601030001000000060000001101040001000000f302000015010300010000000300000016010400010000006a0000001701040001000000200800001a010500010000007c0000001b01050001000000840000002801030001000000020000000002030001000000010000000102040001000000920000000202040001000000810a000012020300020000000200020000000000ffdb00430001010101010101010101010101010102010101010102010101020202020202020202030304030303030302020304030304040404040203050504040504040404ffdb00430101010101010102010102040302030404040404040404040404040404040404040404040404040404040404040404040404040404040404040404040404040404ffc2001108029b03e803012200021101031101ffc4001e000101000203010101010000000000000000030506040708090a0102ffc4001b01010002030101000000000000000000000001020304050607ffda000c03010002100310000001faf0a0994273a01438f4a09d000500a0013a09d1427400009a826a09a930a09a826509a8273a09a82604e8274509a826a09a80a09cf91326a0e3a80509a826000000509a9300500509d000140052740509d013a509a8274509a80a029426a509d013a09a80a0d2d413284d4135000284ca09f204e80284d413a504d413000284d49802749800000002741301413a00a134fa2cef87cbbe8fa5fedc71fe19ec159fb594f907eb098f664f079cc94a4e826a09ce93293509a8000002827405013a09d14274029326a50014052740a02827401405000509a80509a834f9d04d413504e809d0014284c00293a0050000a13504c0027413504d49852600027413504d41352614e393f9ff00e4ff0091f8f63d51e5b6f98b2e9eda38f138bc3f6e6430e5eafec45272ef9ee4f957c853f539da9f933fba1b7a5efc9cf91935e73a09a93002826a0280000509a80504e9327c8e3f201400514274509d00a09d00a0280014001400d3d49804e809d00a135027413a504d413504d4050005027498504d41304c00013504e813504ca13504e9413f9a7ef4fca5d3275fe2f99d81afbd87d9319ad56fdb9d778fe1ad90e46a7c7536cc1e2f8f919070e92e66e9d7f9ca3ebc7da4fc7dfe813368fd08527970cd413504d413a00a0000028000a0028050293a0284d413a4e8280a00a13a000050006a6a099426a09a826a01426a09a80000509a930509d000027404e9300000013a09a826a00140f91ff08fd89e33c1b598ec4ebbf5273fabd1f98faa1eace1f7fe1fe2ff00471c7c397f36f98fd0261ef8ff003f7db1f5f37cc1b1f0afa5ff00409e2fc98fe53e2fd91d19dee1f537a23a2e7d3e2fecb29d07df9b1a739f226800a00002931404e8274a09d00a09a805052628028050014050001413a01427402834f504d413284d4004e8050013a00000a135260a135260000000a13504c135027413504d40d2f74e9387e50f1f4ca6a757d79f503cdfec0f9cfd13b5364d7f68d7cd9fceeaf94e8f3b318b9ced5c5e1f21abea6fe3faafb33aff009dd1ea7f17fbb3ccf971fcdbd0fbb3a9fe89f37fbe9f443e4dfd68ebf0d3a2f8e6a09a826a4c52740000a0140028001427401405014274014274509a93289d052740500280d3e8004e8000001413a284d413504e813504d413504d4985260001413504d4980009d2600503ce7e8cf3bd6df953cc4e7a5d5fae1ec0f1ff00af3e63f4eed4dd34bdd2f8b39909e53a1cbc3d391c7b35bc1ed8d6d9d0f4fecceb7d1e874ff99fd11e6ba6cf8bfce7e88f33fd13e6ff00663ecc7c5ffb41dbf3d3517c53000504d4004e8a135000a00a13a00a13a0280284e80a028000a13a00a0284d4006ae04e826a000509a80509a827400004e8004f91327409a826a09a826a0980a4c4e826a09a826a4c029d2fdd1833f1ffbe663b438de8bdc1e84e9bf2bf86f79f57339f13f57eaf1ff00401c8fcf9f7e572fdace4790fb734f6fb3317e77f31d337d10d0fe55ebfbbcefa39e4fe87c5e2cf3f21fbd3c3fe87cd7d78fb19f3dfe847a2f2c5277c60000005000504e80a000284e80500a00280a00a0000280a0028006ae00001426a09d000a00000a09a826a09a826a09a826a09826a09a82600004e826509a827f3efdd9f24fccfb6f23e2fd01d77ccdeee4f2bfb634fe3f6ba6fb43cefc0ea69f63ebf8fee0d4dbce7d04f29fbc34f63e73f80fdf1e3fd8a749ed9de1e4bf41e5fb830f94cc6aedec9e63f66743e6d3fa59f4b3e0bfd40dcafb7149fa4f113a4c2813504e80a000a000284e80284d40280a13a00a050000140280a00293a006ae50980000a09a80509a8001413a04e826504e826a4c1426509a9327409a826a09a93009a826a09830fe03fa29e43f29ed7e7feb7eb0f27f9cf59e9cec8d3fba397b3e43e47ba35bdabf8dfbd3ba299a9a3f6e755f705f57c6fc7c862f06ee2fa9fda9afc5bc07d81ee4c3d2be1ff3ff00a93ccfd5e27667b63cd7ea4b747e820fa1fc726a09942650005000002801400028050149d0140509a800140a00280000d6c000000149d00a13a04e80014135261413504d4985260004e813504d498027409d04c09d04fce7e90ebbe7f53ca7e03f70789fc0fd2bd59e80f27fa83536bb4f9383e1ee5764eb3962315b21db9d47db1b5ade73ea7ee8eabd5dfef4de3c87db18afdbfd61b4751de3ccfd17da9d37d3e0fa23e887cf7fb19d2e7e507aff009e80000284e80028000a000a13a0280a4e81400293a000a0050140014001ad8009d0001426a000028000000000004c000004e826a098009a826a4c71f903c5fe0ffb71e0bf2decbc67e9cf0bfa23cffa8f48743f4ff51e3defa59e23ebfd0f674768f6e7cd7d3f730fa83cafa3ed1b9a3ed0ef8f9ff3e574be84653c27ec0d0dfe88d7b0ff00503bfe5f17f4531d91f47e4a6a37b9b35261314a0005000284e800280028005014001400140280a4e800500006b6a09d026a04e80000500000001426a4c000000026a4c29300013a09a93004e813a4c74df746b75b7e78fb83a7f68f09f44f4c794fd81db1ceee7ca7f5c6f1b46e6e69f8ff004fe772f1fe7fe9ff00413cdf197e7de43d01eb8aecf47f0fb93c1fa18717fa18f827fa28f77f3ac80ea71804e80000a4c5000500052740052740052740500149d00280527405001400050035b5260000a13504e80000284d413a000027409d04d413504c00013a04d4130009d04c000a1f04fa9fdb9f39fcafb4efcf68782fb73ce7a8f6a68793eb4a75bbf38fe2fc1ee4faf3cffd77cca6d76c4f87a7e0e5697d07ccd7fa7e7bd89f703c57ed4f67e043635a6a09a826a0000014000a0000a005001400280a005002805274000289d0035f0009d04e8000a09d04e800000000149852600027413284c00013a260004d4135001e17f907f6f3e6ff0090f6fe47ef0e97c3eb6dfd64d93c2fe98e27a2c1eafda9ade7cda5ec9b274bc65ec4f31eb7d47b9c0dc317a3faa3adc4fbd1b01eafc52749800000002800293a0000a00144e80140293a02800a0293a0028001413a001af8149800a00274000a4c2931409a800000013a09a9300013a09800013a09a8260000e8bf03fd10f0ff008af73e73f35fd18e8fe4773c3fde1b0753efeaf644fa8f57c91de1a5f53f0f36b732794ee0c9ad8bf5874dfa634b6feba0f79f3c130a4c00a4c142749d0005000504e8000280527400a0149d052740050149d0000a0002835f00000000a13a0000000000000000274980013a04d49800004d413001d3fe3bedbeacf07ef799a9f6270f87e87cdfd5fe9cd1f34796f17de9a7ec53acf07d913c9ab8fd933198ac4fd01d47d81975feb8274fa1fce13a09d027404e827409d0005000a0000149d0527400527400a0149d01400a00028000280d7c0000000a000000284d498284c00000000013526013526000009d027398e97eecc7e0cdf35fb03313f997d3a93e6732b8fadf4bedcd4e76ba6f47ee8ebfcae9ba6c1c3b527b271f688c539e631f6a7767ba3e43f7e7a2f3df501d57bc7abf239c9d00994000014000a13a0002800a00140280a4e84e80a4e801400a00000501afa82602827404e8000005260a0026a4c1413a09a8260000013a098000269cce471f8f90386a0a5399c332139e50ebff002bfb7387c6eaf88e9dc1d27e2bd9b4fd8357d6dfd1fadfb13479d8eb76d99cb461f9994d6ed83313e1f6a64c1d4ff44360db3d978cd6f8fb861fb7c2e46e9d77948b7643acf64b5764a71f900005000293a0013a1400140293a00280a4e801400140014000a001afa8009d13289d09d000005027400009d00000260293000009a9c33913c7f0cc870f919031fc89e40c5e638794387c8a5070f99338f94c5f30c84e827afec94adbcf7d7fec071fb1e0bc7fd086bed7cefc87bd267cf7ce7ba279b0f41f686d18beaf2307c7c871f3e0e3eafb451383ca70f64adb5bd4f7cc7d9c39ed1a9abb6653adf208ec0a75bee86500284e80014001400293a0a4e800a4e80144e8293a000140014001afd27426a04e8000000289d0000027400000260142600062cc5e4390338e3e50c1e4391331f4c870ce1e4387902749d09b91338f40e6263913509f23178f36861f987238ee38e1cf07134e44f390c1cf31335bcc70f2168d5f68c5ec89d5f8f98e42d3d7f70c1a9a9675c35b4fe666338aeafbc697ab9dd0d2f74280014002800280527400a274050000a01498a0149d0000d7e8000000000a13a265000000000009d04e8980018fc5e3f6432990d7f210e3e61c79723914994e1f2062f21c3c818fe44e82749949f2260a1328526a1ade4329add59ce3a9660f1f4e663b661c8e3e48e3cf90463e7cce38e4538e99f23fd8aeafb662e269a1ef9afc4f3387b063ed4d3f4fecce93a5b29de1d15bada3b204c0144e8293a00293a002800280a4c50149d0000293a00500060d314000000000a4c526a0000000000009949835bd93abcd836cc1ec157327459c3ca4f871394e470f21313a538e61f29c3c818fa284ca09d04f91c7a00274e19949f1f206af9021abec9afed116e470f99c3b44e93a2dc687326ad38fc81ccc7e4f808a4f91c731f373226983da3cdeb6a7de1b26bf8ed8beb7ec8ebfb47a029d67d997c60500a4c500a4e80144e82931400140293a0000a4e801426501830000000000293140000000000002600e8bee7e84abba360d7f60294e4526673a71d0ca60f986738f494a14099427409d0273a4ce471e818fca62e1cca4d2e661f298b30fb3e033f57f78fc89d930b71d49c59425cbe272f18c7c8c7e431653218ba2743da307cbc77e2723318b307a1ee9a99aff00a43c87ebcbd0262800280a26280527400a01498a0050000a000527400d7c0a000000000a4e8099400000000980000687d2fe84e87acfa1321d2fd98b6c9c8a4ed1c870d5530f90c7c36ce3e2f997af213a0a4c2813a038f404c538f4a1c370f9064387cce19c3ca63f990e44e93999a935d3a4ea993ab9987cc6bf6c798c1e53072c86b7ccc845994e1e1eb6ca69f909983c7ee1d169ebff005e786fd696a7680b568001498a02800280527400a2741498a27400a27400526280d7c0a4c526140000000000293144c513144c513144c513a13062f57db3c375b7ae39994c8234fd9339c78be51ade52d5a71f28ab53db3873b4723998bca4c513144e8904274e3d64225c8e1f22d5c3f338fc8399c6e4f1e53e471f91572269da44eb64e9c7acb8f4e3990d7f318332187e460ed19ce471f9913c7a7230f0c86af4c59d7f8fd835389eaff4875fee17af780b52800289d002800140526280a27400a000a2740002898c18000000289d0132800000000000000009fc9bfad1e1ba5f53f5264360adb6cd8343ce64c5b631790929499c7d4f70d4d6ca7227c85689a2694e3d297a26b82a4d38391c3a4d38ee463e636085e5670391c3e656d42716a4c84e6e38e3b867231f4e39c7c3f2ea9df317cc4c63f2187c1c27aded9fecd538f90f31a75fef0f25fa62cf580b62527400a0005000a000a27400a000a27400a27400035fa4e800000000000a4c513a0000000000000f1ffab3cbf59ef0de34bec898a6427cc9298fd4b0e6df5d5ed7cfd998bd3b71d8d7e1d13cd4a26c76a38e398e3d0a27309cd14a4c9e463f99c39ae738e5e31fc8e1b1df99c8e38a2627c3a70c9f0e98f293e18e3ed9adf624a7c7c82cc5e2f60e1d1a5e97dc1aba7a7e8e9f5fb136cf0dfa72f4f6209c544e800a4c50144e80a04e80149d00144c50a0001400006be0a26289d000000000002898a2628000026280038fe77f4679fe1dc190f29f51f07d37ac34feb7d83c9fabca6630f94d5dccc7231fc8cba98fc36670f7c1da9da9e3bf5a7b6f1b9072317d3e51c39c4e618b4c65278f1cc70f8f0ca7335bca4b31c3a4cc8387c831f4e3ccc83863213a62c70f87c33998b63e2790e1ceb6ce766753f6c64aa74fe4d7898fcc71d1a3e2fb131f0d4f0fb860e5d1fd47e94d5e63d019cd2f7498526280526289d0a4c289d0a26280a262800289d0a4c280293280035f00149851314985260a4c1402651314000a4c52600526000187f95ff4e3e1bf1fbbde9dc9d3fdb1f35fab7626d1abee16d4e673274d8c79463f9193538787ca6af38b0feacf0de2fb9c9fa50f09faf3d3f97e663f60ebfd9d0d81a7562fb6535fe62bb23079cb538f470eb6da39183ca64a3218be618fe3b8eb723218fcbabfdebfd83a0f06c7627234f4db6068dc988dc399a9ec16a6f9d81a3ef19b5f90d1f5bd7daed89f43e0f4f73d19c3f2de1f16d7ac307e5f9e5c3df1e77c871f7b9deb4cc687be6cea0144c5000513a00500a71e8500a4c293a00513a144e800001afd26289d00000000000000005262898a274098a26289d0eb3f87ff0072fe0870bd37aa3b83cd7e88f9dfd37b6f69d3f6869ec0c7f232e0e471f178fc3929a9f2346ae5eacf39f667be3a35f2bf1fde1e63d8d4f6a71fe69fd38f77f39d1f87cce464a61f6cd1f604e732983e45f5b6ce1d134e3e735fc84c653218be65eb8fe3f23875b643298f9cd7a5facf879ce37a3da307b274fde9b263f43a6b6e770673a2f179f5fd49a7f9efb73cf77b70e66b59de56eb079cc1d36b5bd4f6cd3f47a78bd5f60d5e767aff00a5fba3a8fa1cdfa59ec0f03fbe3e99f21274cfaa00144e8293144e800a001400144e80140293a0001afa74149d00000000000098029305274000002741498d5ff3cffa34fcf5f3fad9cf58781fd99f34faafa3370eb7dd35b26d14c5ab8a7afe0f4bd4e96c9d6f90ebf8dbdc3db1e5bf4a7a2f21a5eb79cc5c64f2dfab317e53e9697d3ce1f235ff0063e13918bd9f50a65db27c79e4aef19cebfdd3269f1f91c3d5f164ecca753e0f4ba1dc9a9f51f1f93d6df307abe5395dac870f998bd5cdade1f918fd2dfd6f5fda29b15d7f87d89835ba4fd11d779cd1dedf360ebfce531ed9c3d7e9156a7b06af19f07ade7357b64d0fa7fb53a7fa5a1ee8fa39f36fe907d1fe4a1bba34000a4c500a0293140014000a4c5005000a4c501add27400a26280000000274130000a26289d01328980149d0a799fd29c3a5bf347eacf2ff006a7cd7eb9eccec8e87ed4e3f57b4399abec91adc3d1fb43914cde73c1fa4119f4fdc399c3dde760f87b02187d1bb567771f60c1ba7cbec0d6f5fa5b1ec7fe35b62cf98e46bf90c59693e65297e193aa7c8e1ff002b7caf2357e3db0f6035bca64d6d5fa9fb23a6f47afb460f1fa5e2cdda1c3d1f918f3e6f9ba5e731eeef9abf23b231ce2f709f1edab8fc3e435bb460f4bcc69f9ada9f47f6a74df5f89f533dd9e53f587d27e51319b5d49d0000a27400a01498a2741498a13280a26280a000035f4e80a0000a4c0000000026513144c5131400000144c7c2fea3fa29f33fc4fd13d49db1e7bee0f27ecbb73b03a6f77ae0ec1ca687b065d4d9183e1debb6535bcc67c5cc9cf996c5c7a4f9931c3e3e5134c1f2329c38bf0e74e3c399c7c3e3e33e6387adebf4cfbe61faef078727604f4bce52739b86bf4cb8b6cebbd2f4364ed4a79ff6ca6eee9c8dc3b030474de53b8277d6d0f29b051383e638f15a60f218badf0fa9ed9a7c6c6a7abe7357bce87d5fd99d5fdae1fdacf4474df727d1be5217c40526144e8293144c529c7a144c513a0a4c500a4c513a0a4e80144c5131834c529c7a0a4c5000000009d04c00000000513144c5000757fe7fff004a1f0df85e978fdc9d27df9f3bfa64f7ce3e4315b9998e1ed9935b87ccd8299f5f1f94e3f0f361e671f87c78c990e46bfc3adb6c68f8ba37cc7e9783ae4df317d6f87a6c7646afd6fadc64eccc1f5de526fb0321dbf935b58ec0e3f4ddf176c745f53f9fdb1db18fcc7b230eef23b23aef21a397b229abf1f6347b138fa1f232eb6d9c3d4f869d938fa9f1d1b470f57c5d6d9cd4d834e3f5be66becda9f5def1abfa1f3df7f3683e83f2d13289d09d13280a27400014002805274005274005262898a2630698a02898a01498a4c2898a26289d098098a4c0002898a2740001498a783fdd9abe2cdf07fd41e37f4c7cc3ec7e84ed0e8bee4d4cf9ca4f5fd8d3dd317a1f1eb3b861f5be1e3c99ce3ebfc7a5b318fc1e3d7cc63f5bc5d6db26af8bd7f24e635fc5cf341b4768234fee4c7f59db5fb83abfa9fa9ef1db9e67d7fdb97cde73fa21d9190d36bfc8ca70f05f873a15a71f8f87bd3218be1417e3ce7389e3f0f913989f1f384e9588dff11675be0fb73aaf1ec75bec9a9fa03d5f8ffb103dbfce66a4c0289d09d26280526289d0526280a2741498a27404ca02898a000d7d3140513144e8293144c50000004c026513144c5000293144c0144e87c2fc1fb23e6ff8cfa3fb53b93cafb8798f55eacc5f4bec97c1b461f8f8b8b6438787c7d673987d4f5fc91ba60f5fa32e631f8fc794e3f3338a70f6cc7d18b6cd6fabf5fc98b60d5e6b4eafadf666d98b2ee1e80f35e63147a8399e6bc844f7e3a4d2ef89f4fcd4edce3f53e42326f18fd3e978d91abd30df21ccc3d33e2d9298fa5337231fb071ed5d7fcf7db9e67c7b1a5fd04f97ff00733dcfcf3d404fd1f8ea27339098a0000280526289d00280526284ca01498a000a2635b71e8721c7a14a4c513144e8513a000144c0004c00099400149800a4c5131a3fe72ff4e1f32f99dbf1df7478efd51e1be9fd81ccc7e3f1db9187d2f53b5bb0317d679086e1c8c1f22236cc7eaffe22b97e662f2934cc535fe3e6d4e66bfd91dd9d4e3794f21ec0ea3bd3a3f17be62f9dd6d7f70c3e634f6b9187db3294c9d579cd8316b4e8e3c4e4329a5f1ed5ec469f98466391c7ba79bccc18da399ade42232994d5f914b6d9adebfa7e4c9aff004bf6a749e4aea7fa48f85ff7f3de7cc2933a5c55262898a274289d002898a2742898a2741498a26294980289d05262898a2634fa70e87329c3a1c8a71c7229c7a144c529c71c84e82931498513a13504c09d26002652930a4c2930051314987cbff25fdf4f29f0bd7f87f1fa5e9fe7bd8e4317adf6c6e72f47e4673218edaff276fd92b8fadf99db99cdbd0e9fce7664f7b9babe5321ccded1c7f23605e983e3ee99346a1b9e568a69fd3fdc9d0fa9bda7f0f7cf27f2bbfea0c8796f70e7f43bd38fa3e73576731c7e1f0f0ec6c0d5f86cbba5343c7ce3ec4e1e97cc64cc6434fc7a3b529d5790bcf6e62f5bca465d1fcffdd990dbd4fa19ee0e3f23defc882f8c0000a2741498a000526280a27400a26280a38f42898a27400ebfe46b5e7c4fab29e5aeca876fba13a293ef47843da48d85e32f64cb90f9d3ef8867b58f2d776debdc72d03e346a7a0fb6ff00cea1e3edf13d155f883f5b36f4b69da7a27ad39fd1f60bc1b9fb61f679f3b11f44e7e14ee84fa0dd2bcc476f53c4beb336778af564fbe5d61d9f3500509d0048f899d5fd89a5e1dbd4fb63aef74c57cc6d1aded919b3198c5e6185cce3f20e6538fcc571fc8ca6bccdb2e5353d90e46638fcc9c7c8c3e43872eb7e1f6a76056da3f45fb73168f9a7ccf6df5e62dde93df329fc9c7c4eafdf34fa65c1cf78e46b6c755e3fb7317afb3d57c7ec8c3afa5e3f78d6f675b8fb06b7ea4cfacebffb394c3b9f28fe966e0dfe35136df369498a000526280526289d00005261498a0149d05261498a2740003a87c09ef3f2045f9fedef0f7aa8f287bb7c41de26c5d6da4f789e7ff71f86bdc28f9ebb37fbedd5fa97dd1f307e9c2be03f7f7cbff51f5b99d2b5e26d5a1e97dcfe00edbf25727bff004dbcb1ecaf9ffbfe3be857917b6fca87b43c7fee2f9f70f6379f305e8b962bc97eb4d2e272de96f9f7ef69af8bb9bb760d6f526c1e64f4ba8a4d3144c513a09d07c47ebfeece93c3b390e47231f8afba6e1a9ee11932194e1f318b91cce1f212e471e8661c3ce29a1e4364c7b3e53298bdb2f8f8fb0643689ae2f749ec97c5c7c5ec18f98d4f47ed0d6eb6e8fd1fbb3a9f1e7eafe64f991b149d277d6c3f1e9331787ce6b670f99c364af59fb63c81ec7c9aff0051282a265131c84c513a144c513a00513a002930a4e800028000144c500001d63a46fa31da7f6289748f7bd227adbb46698eb7ed4e3d0eb6ed198ea2ee5e3f20f37fc36fd2bf9e3b7cadf769d9dc5eafe6cbec96f5dfdcafa0f2f56d969d4f9f79bbb837144bab7b4a7312eb0ed41a9db661a4df6f1d59a3fa1d13c4e5930a4e809944e80e39f20fa8fb034fc59b873e7653164cd6e1a86e357393e49cfa46eaff00329c1e41cace70f3865321fdcfe4af0f39c8cc499c65e6b0c8516ae1e74a2d8fc1ed1add634bd3f7ec0d6fd47a5f6af53af8ee3e4b0f1189a71f2060f07b16066d8fe1f2317689fad3cc1e9bc98bea00b630000289d0526280a26280526293a4c526294e3d0a27400526289d052600a262898fffc400371000010402010302040405040203010000010002030405110607121321601014203115223050081623324024333641173426353743ffda0008010100010502fd9f5fe20fde35fb5ebf64d7b3f5fb46d6c7c40fd807e8ebd96f7b18392753385f15195fe28f89471dafe28f312283f89fe551a1fc4ee68ac67f11e7786eb6f09caaa592a79280107e93fe5696bea1fa03d893cf1566737fe20f8e71e6722eb2751f3c5d258b32b29123c72c66160b466ad698698b9d90ccf9850e4b96c33ba7fd6cb15ee60798f1be483e8d7e88fd5dff00843d8723fc6debf7524d99a7b4fee86794aa5f2f6859865a4619209c9a0c12cf045f314f58f7c96a00be7dcc3f31a186e456b1573a61d68c772b883c483fc83f58f666be1d79eaad8e234ecdd7c858657bab469911629df04914d584663cabc29b20f7cb364c998cdb7b263206cfa3b731f4ad4b19e9175aa7c7dc8dec999fb28ff1f5f56bebd7c35fe7e9725ce53e3583e67ca2ff002bcfd5631ea1c78998f80b13ee588cc76869f310e7c249ec258412831e980b0c8cf46150cde36c3208dbfc3f750872ac1feca3d8dfc51f343571b3cc0beacc76cb5288dec9e735b8ddeb8a9f4df3533ee70ccad09a1e3770ba6e29798a0e316a4755e9d5e922c8714141b25221d2552c1fd8a19fc6ee977289f8af328c87b7dd3ff5d67e42739ce7b0c86b557c8ee37c1a7beec0f48620b13c27138d10626981678bd0b4a4e078aec6711a6141c0a855b43075fb32dc4e85a6673a68c79cb709bd4c59c23e35241e37400c07a5dc88f28e0bfe3ebda5c932630dc7b2533ed4f18d9e0bc505a3c6b095f18c85318ab33600440d1014cc0b402b015a8fbd5fab1490e7b0cc61cdd3ec9d8c6977f0d93ef84fe88fac7ea8f66752c88fa7d676b0f1f9ad7008191d7a5f680e803b51b8846625090e890a7dea490a27b14c1f23ef8f18c9b3c8ee54cf04d081e0fe16ef99297e881ee0eaf1d74cec871583d0b1c266f255847a55edd561b4c62f1820b11629d8362153c6148c0c3982357c2e7b085dff00e97f8533b7fee63f76ead103a7775803b13e96b8469f531efdaac7b142f508d94f457677a30e84cc1abbe8b26b2afd0e69de446c2bf853f4b1ee9ea04114fc32d0d4dc3f13f885dc3d614a2c4cddf30cb510e832754966629843330216848bcc342d3029b2013ec822d4c0ab822996798619b9150366bf67a7f0ad19dfb4b5fe3e4aab2fd0e7b833c7b9574de11def0c828667a933d54398e6a681fc97908647cb73f0378ef36bf24b89e446ccacc907c396e4429b327d45141b3f5b72c0c9d58cb5a56b9b9b223e7a720a6d4f52cc65973f86ec31c6f06f7413a11f39c865b3dd72ad2dae57d31876de453ca31b578bb1eea74b1956c13c72945724c4dc356b539cf1b9658edc18f269f3d9ce3c642c8b8bc347558f1bdc94b02f53e06b6b120be864a030e5315d51b989c4e03315f3f89f73e424f1d0c86308c875224fc4b8af4d2988e859aa2fcf7f19f2d10a5969ae72ac0e7701c87a7bc46e64eed6e357193c1c525ab3e286e875369cf6afff002d5833e7f8498f880a59dcae47956267c55cc2433c9156a06a8c9e3f7c9eebdf233a317c9a1ee7bf099e9cd8f6fcdf52e3f0d7e0518662b1b558f967c245336d537e2678f37c6d8c8f274e7761a864d1842c6b3fd2f258c4995c7d56065c6985642fd7ee9c332031fc6842cbf4d90373c0416f15559263fa544c79cfda87efd958195b3fca308cc83386ff004e9e34fa50679c7c8091a78c63a47c1808235743216bc9eeaa7b31f9bd9bb8a9cc363f0fab698ce258c2e870146aac9d5ae21cdbc159b6799f84883287492033e47dd1cce36d3b1727aa21a4052e454f4f38d1f963fb0d04f93d2fc87cf033cd2307663b2d5584b3beb4b8dd18583d1df6c99fc9991a9a42c7e72acecf93e97627e4b01ee8e4f4fe6b115647c2de603f0de4d87b3de31f380239c6a7bf140c8f2d2dd305988cd8f9e290f9a015f2b34417cec5e2c3e6de62c7f2564c4dd0f6e4ed6d6667d9a11b2fe5a9e3d990b14aac5429fba1ec0f6e56abf0d37552b6e0e3d7b75e86436a6cc329c10e7dfc92efe374e857e6dcaafc16f03cfb90c16a1e6864a7cbba8562aa1cf39248fe239b8be567bb4eec386e4ff34fc8592064ecee5e3109927e9a6025b599fa77ee592364cceb1f0ec70e2d809b4ec5592cbfcd32162d4f5732e8132e5fb464c65fbb3dae139f134dfccd00384cb4cf1c7afb055ad3d6a91e56fc231f72733661fe38a6b5df63a5dd3ac059e2d569d5a507d43fc61ecfea15317f86d598472c774333f99c04168e6788e4f0f8fe3bce5934b5792c30c3fcdb101773155e6e597c6fb37efb27cf72e9608b8461b90f259aaf188a19f9b64191cdf65c3a90c7f19fab5f50f70656b0b542d43e0bf908ccd4f886662cb62312cdae45d38e3d6ade06953c64305ae3669d9fe5999d90cce0aad8cae4997e954e0b89b962086ad0aa6d329b321725c85cc1d67e5790550041eec2363a958afc279a53b3d8fc25a186bb8fc9445af9193c303c412c192c485241c53790bf88acae482cbe93fb05abcb9466010f93c71745b0d2e4b990f7775fb1a21cd32478504cc9a8f1ac9bdf133bcc190b362b1bbcbbe58cdcc094793891905d9663563944372c7c9b1e1f667b00c8fe8af18fc278e7bbbad98f16a9e4a9cf5455ba1e30d90829daab7e0903f1b0490e5b83519d4dc0319d90f0ba7562ad8da6c765278203c93260cac9808b1b08cadfc6558a963fdddd558cbf137f14cb23278a7d3962b5b878de78914f38254fcb06cf90e43d95df9563e964b3023190cf199efb8fb93c934b7cf09c488f23eefea1c7e4e37f2db39cc3b356703e410cf6a93e9665cc86e665e0fe3864abf8b912e42e6e39ee3156a12da54f1ec63b8356df24f77f371be350c2ad550f13e336dbb8964d1cdc7ae405f5730418f2c1b24995360c7919dd43140cb56998552add8b8147ff00cac7bbf9cc823e375bd5a633ab554f659a6aed39c9f969d84d625b342f2c18d3bad40344755410ae04cd72b1eefea06662b93531f935a1343b16ab68daacc227afa1355f499858a18017431e9b0b146c0b8edf6e2b36c21edf761998073137df8665621568f400463045a83d6cd60acc2acc3a1342a18f48ecaad1e832353fa378c7532fe120c1f28c4e799ee92f0c46325a2b30a9206119bc23f1575898c5ad29e3695341a1346ac005596683143017a8e1d05233f298c7674d31cf3661cdd8814390ab37b94c8c0bfd42fcfa8c34293d1d1a9a3d8c8636b656adcc4dcc54eb7e921564802d4c15a9015349e9582857914726d4846a9d3b193b180c1b3078d10eccf0e8d5cb3e36c17609fdc05e3653007bcc2c8d01a006c81a5204c5f706353d582e4393e296205277c2e337a5a617ab3015253da38dda8319a13563182c7a104e460f85e5736fc271bc760612c4c8513fd586042a85bb51aa79064804916bdb25ed62333519a551c9e8427847d62d7a307c241e8c4c442d2d2bb8aa19016b8344559e19954785e7497f03cfa1c173a0ff002766949c0f3f33aaf4c2d138de1385c79f1af0a21a147a7abb1f63c3364336a662ad06e67c1f96b648c0864ab111cd14c3da85c7419383d9b50b1766d78c6f49e3d231fd143e04208207e8d2d2d2216978d7857842f1b53e4631132bcc8cec6530ad41e46d5f56062b2342b47a463d8641fd5b2cd135bc6d8325623305a82c0f68da9257aa136e11a28c2c7a31f8ce93d8829069b1ff00b287c75f10b6bd000f5bfa0bd191190a7c8a38f6c819b5659b6d61a1aef11b3c7618cf4b2c51b34bb3f2f8f4ef1f92dd91d8caa3c92c9018cc37ec42a19e29c7b3a79b4a08f4d92031ba372d2f4299e85ec414fe8c034c43e242087d902827c05099ec2c9977efe2ff00404a863ef4f1a64234241e819a10a9e3ec9631e960211ad7e5b3a8c508fbdf937e9942b78e292b299ec8d5d8de23c3643e699ecc9e610b2166933480da0cf0be34f1a446c0f50429ff00b7febea623f1074a48c481f198cc6ff81531d08fd542342443ec53c7e4814ecdb6b7ab2d0fc908fc9af4c83369ac10c36479a7863592b42b434a07c6c9a93eece49a1718f1237d9624f9a9c47b1fd58d47302881335857dd43f61e84a9fedf48f80f427e8615233bc3d86331bc10f53955c209e87c26fed8422362b7a2b236c8ff00da5699b539d031eac7fb60d5dbb25720a709e432da7865c98606d6dbecac9cfe3829b34d67a00f4f82291074b023a223287a3de17dc4deae5ff7f1088fac15247b0371bcfd9feaf847c0fc64fb33e0069ef1b107ac214e3fa23fa96fb3bedc63c92e5b235f1556ad5c8f2ab10d58aab27054d33e95b8dc2467b26fcde6c9561e8c2b40ad1083f699baced69df067a2237617fdfd43e03e04fa84c2acc69876cfff00a423d0fc4293e01143ed07a021487fa143f3b06c34f65687c6fe579211b208df217278590607b38bdaf3e3fd934e4f99b5020846b6f62db245b31a27c687d9143fbd0fac7d0ff47a614f1b6c67488feb47f6fa0fd0cfed67a4f31ec6c07c91521fe963fcefcf4d2df9a38ebe36bea5b84b191890ab9eace3567e5b2dec8b32786be106e287d147f131b1cbf3c63618a13d9f077d87c07e9cdf61f061dafb4cf1fd667dbe83f447f690ead59ff671e775237786ada9d98da18f83e4a1646fb4f5316421efdab8a67ba85d1ec8e48f78c4e2a7f032b18acc4184205c131e16977e918c111931bc1531d301fd13f10a41b64676d2a3527f7c83f333f463570f64d27ac18a7eea46f125898fe25744266769493451a7c8c79924da158caee456993e43133fcce37d8f721164d080c26386e63cd0ccd5ba34b40aec2c5e646329ef165b56cf91b3fac319db7f40a1f008a8cebe0c537dde99fa31aca9d341dc189ff64830c31c6206493c5583cdfb2be4022c8234201ace7283b354d583864de6e3fec798f8e6c86375341bd4d8c82d067e2b8f50666bcc99a78fb8f0e948c1301df1bcfe78a03f93f4b687c3ed32629fec7d433f436a32b31ffaf58eebe2bd042ff23cbc8203213fd528c7e967294690b5f8e6717c853c6c5933deb84c660c4fb1ee33c94f86757a2260156e304242602a4ab04e063cc25934f1a1a7a2a48f6da5277c50fa1fd2dada0a6f47a0a6fed1f61fa04a8cacc7fe9d27eebc130821a407c980f2351401f71e49a572d29998cc609ece4eea9aab2114b1ac8dbc16d7cfe3bd8eff005647c760c93f0ccce71d58ce62f9856c9d39c07b0a002d2f1a1bd6946ff0647ed606f7f0dfe882ac8db633b414dfdb19fca3ea27e319fcd93f5a78f3fd0ad5a0ba0b02323e442a8de9918bf922a1a7b332868790f39e5bf893fa6123061bd918987fd5d5ad13da3135ca8f18c628eb762630a00ad15ea8959385ef0f0d791a1f0dfe9029fead80fc1df68d05bfa8944a6121d7ceea63ff00dbc269e3b1d327cf1421f66e3d494af4ea1c6d7813d8c0a7c962a92e49caad6657e19f2ace9e569694fec8c21125caac2c5187a63106043e829f1a612583f477f107e11fa3c15ea98b681dfd24a2895bf5b8770563e3a98dacc82991b5a0112f4f360a9a3b8f53e32c4ca4e2b14ca3e3b14027ab87c7ae1f90af96b1ec7b84b2a55c6d8a6fc6dabf308d01f09a7af5849c970d19fe68aebf9a224ce51892a19ebda66b44a07e1b5b5b5b5bf8efe8fb3fe03e016fe25128a3f0b276caac1200095af81d7c08d2b593a7555ce56f590bbcb6fabb81cd4cba571fca9f63bd82467129ed48201deeb995c762a2b3ceb6a6ce66ad3bc6c241d205c7e126c2ec31bb03c95f6a72ff00404a2517a1220577ada256d6d31e87c244c3e87e0105b41129ef45e8bd12b6a47ac51efb03e89242a6ab3cebf06a60fcb411a9a36ac9c0d2219ae62ade3ee8c854f6313d8de36f88b33dd4011cb03df3cd068266933ef19f5d862f4224dee42bfbe5aaf0f8bd027ed17af2357916d79177fc0ec2da8de5029fb2207ec3d1408f8043ed23d19917a7c88c8b689d8e3bb7bd69763918ca31a30a3014faa499a93d59a569330ddefc230321f63648f663f9272db10aa0cf18a64a8c2859e9ad201306977e912a67fa3e6ec38cf5288ef137f4c99979179979109131e8fc19268b1ff087d1c5e112b6bbd46369e742e5cd213ed19b40cfebdfb40a615838c475401f4e9108b1491a9898ce4b31718fc7860a5ec6e4338ad84ad33ad6431fea6b1f5ac09519410de86cad822423533f4b216bc28f54a281f86ea5ee5a595af7219353324ef63bbdcbe6746393bd6f498f283d15b00c6f41e81fce75a7fc06947f6bf388e392ef9a78dfa4f9d19f65f7c010cdb400230faf94db409f9162a03272a5272bbe9fcb731a7f31cfa3cdb91847a819f8d1ea65c8c7fe4fe3922b5f82f21afc6a43260fd8dcce332719aa407e3e40a86b507d99a080695f6f87780a6995a9bd390da22bf11e821cab24e90b30f061b93e4f82e431f7d93b2e82107e8cc0915a62083b1de0286440ec3c28c905851281d87ada8f4b7a1c9325e31436508ca9a4d0367483f6f867ec5f3fa1439257c7e227bf7326e63c0f83d3c6d4e01531d2994cf0c173ed66b11374773f732d81f6372bff008d090c763133ecd0936a07e9b19d807d49f4248067534e15cb3e99891f6ac60e1f054bb6982bf22c4d1ce63fa61cb6f71eca8789e19869e477b08ec7d63b44284a61da7fc235ad88ced922f451fa2b5378e1caf9ee5ac6b04666b559b15ac830916b685d42e9531b5233033bc88e4d063c120a7e949eaa41f95fe88a909577444e747a26c07d8f9e8c4d84cb3dac9f03776fc64e09824da85e0844a91fe9348a79d5cb2b84d0ab92ccc91b2936d3cecc7a1d45e352daafd33e631725c2da63428402ad42a0fc87d130fac0fda1f63f90c6f4c2a33a323c05265aac2a4ce582a4b52d9419b52469ef783232bcc27c557907e037d4386b84e438f64df070ea191c628e43a8e43b649a1e44f784f537a07f706cc7d2efdac9f5e864dbb7ec6b308b35f96e26e626e61a774736266daa6f05b0cc848a61b65cb53d60cccd7b267b5b6dd9ff002f4f2ae9b7dfb6cdfd46ef6268c4ccabdfc1b97326172ac1218e59007b7ece8dfb69790609b4a17ec4f340c1f8b538d3f908d3f3970992cbe4719130a63d00a6ee5349a3b0f4f25885c2179a0918277844f8ee89f4a098102701bf38c5bda91fd8a49069fb0a7780b21212ad3c6fa0d1ee7fd907ec7d52e354733c4aa9d4b84b40b69c9a104883d03b1246376b074ee1938ebd0e2b348b09565c1d77da9e60f638a21e98c2b3f81fc6e97159ef61f1a7240cc32d16a6bac263c976292fce50bf6346cce47e7006c2d95a2578f6b5b219a4c7af20de83d5faa4af9f631d249f93cc77f33a66bd6e3e58dfe4da64c2369cadac83e853f0227424792263a523c29cabc76dbf310ba07575c73d8f6a065ca976acb8dc961a721d8f9d56b23ba19931eb5b3e10be599dc19a5e1460f41092bc1b6b21f1a0c2506100b09423463289d221c10614c8d33d110ced2fd22f1aef46c8603683c8b3f9a390a3698c8aedf324471e5e5ef7d66fccbe477cd1099312ae5979ab8d93e6617d09f206ad082087b1a9e469e54ef531531f4baf1db6bd5dd198043c2bd91d67c49c4f3dc6c816364db683f52416b6e81fde18f0447a6347a1908d8901002206c3015a4230118c3d3e15e0d1d6878010235d8022bc9ea5fa066004d690b49f397a841263ac34f2c8db7f21b2c24a927f18664a9ec6322901e3d2cea0e375e1430d41823a51460c3a4c0352152773d1676293654809539f4b9bd4e3f374a23f1f05f647f10f8433e3714fd8c64843aac8a0986e09caf3951d95e42bcfde217fe48e42113b21ec4c0011269078d03b013de02f23039f305f3253ee292ea9ef8ec1930559ba7bd8f0456981746f24cd77c715dcd9472514264e58679e9f1dce64ce378f63b1e042d60119d78d686becb7b4ff00b1240d84f3eb33c0539d2915d2acfa1e9fc1f2dc33d91cd308390f17c7874335201785a228010a0997982866d800ee387648f817e917e8473121939d99c069b2037e6b48d91a7dad0377d24be429b25a74d9346c92d33f85466599d571f6265041140db993821190ccb9e731ca2ae3c61b139fe5d2e1b0f8ec340c9014260499c1427da7904c93804da0a4b0be681467da7cfa13ce9f3291fb1249b1708eeb3fd49b075855c47b27aa3c7bf96b9b62660f55479132b2653250aea1a1b42b00bc3eaf1a3dfa3e4d17c81e83da1493804da46d3bbcd900497748dd535dd07df24cd6093e725462572a5859ec9a78daf4c4d958a1192e41b194e43140d932dc8790bb8d74a258e6ab8a96ac019698a37bde6324025e109de11b2e2d132f21266981699d3ece879894f9d48f4f7e96f4aefdf1b58dccf80183d93d7bc17cef19c34e58a84de90cc35046c3118003bd23659a368046e0524e859794f9076c93a7ce53ee693ed68cf6bd24b2e525d2049394673a63259ce3b0cf98d6c7d7a6d9b255e156b38777732f2b25cb9f33f8ef4ff2399b187e3b4f155040001a6111b0a118435dba1a7b180b86910767d13fd00248703a119dcc3b1d347b3331103577d174da99c8750bd959cc5459cc45312d3b186b4355a604509b513e753c883cecd9daf27787c9e9e6d23223327d91a926464524fa52484a2ff510caf55b185eead8f6424df8a9c3773cf2a7c84af593cf41557cb663924fc3fa7b5681ad420aad3a2dec6f64c7d3eebc8487fdc7781259d30cef089dada7f71518d260d8f1b54f5b64b01927a7a16fd15a3b5d06abf35ccbd97d58c61c0f507137153b3b54f20c019662984efda25c51f4799112027cca4b4029aea164edf3693e43adb886472bcc75541599a63e28c59cc8609f253c89f3ab32cf328b07e497034a8d58aae498c60ca85f3e10c802dfc422dfce027e6a2d47658f2f9004745487b13d0d3daf0cdebd63017fd76978f068da7e999593b164e7d33f871c6eb1becbfe2230266c760eee8d29fb1a2ccf1a86fca5b05a715e768719c773e600bed0525cd3a4bbe90b4c8e23b1c5eb6a362600147e8e96eb2013e4e59092f29fde16d9a6318f746c6285fa515f5f35b4cbe50bfe9f3a85cda7d92be69fb175e8da5f3208367d0da5e651c8f083c04261df1f669efdac85c01990ba1d2e42cf79e90e33f0ce0becbe4f818392e02e55b984c961b2427640fd88d1934d7e43c60e4c11265b65f90da13190c236e33805f37af91463658bce2313640904be42203b0c629233a92a891d0d2958e82a946abd3e1784249e150dadaf394cb285a210b8483674bce48f39d8903d0785e45de0804ada8ce93ee69b3e4b4dc85c7cc725268508cdac8e0297e1b85fd8f7fb4f5d7a7e6d2c4f731f4a71dad7e84c7d2e4e43a4b2427c8f71adad82179fd1f36d7aa60d20f6046695e190be634f8f4b31c7e37134059ab8ab8321c7698525296332539c2fea811dd2132f40e5e38240faa0bdf57444651aba4f8caf1ce982551b1ef4dac9908dc8c602c90022708596232024cc9f32b04ab274b2b368748b0073fcc3f64dadfd3bfd8c86bc750ba452e3e6a568aa36a20cbf78314f68bcfdd0518685ded51904001085ef51d0b0e11e24a8f19558047d8181e032428c9295e196635b1bb31c2231671f466590c7d5ac9fd9a83210151df7842d44f4ff00b324ec1ebb12761f20084e40190207e27e86d7911b4003902147900532efa0bbde76d539f4b8f59305eba19c47f01e37fb303fb4f2ae9460b3d349158a45f7414fb53c96be560f08c6c523861947800a3c1d56286ad78d6968a2c4146578d8bc2132a8299031883343d15c9bc62ec86677c879e9be12c74735c8556cad850dc64c0bde409f49f36d6fd36519107fac737a02347b110c42721433e932d79117b5ccc83c30705e196b9b7218d8c862fd977f56d6fe9b59014efaef67765720dc5c38bc80c9b4bd8d2a1c88b395ff001f9169960c618cc533c99191fa1013a8930b0a016b498102b40a7b1a1404313240f416f6a10512a7908173caf54b08643061d91b33dc2c19ce02784c7890a0c6f6282a8609ead32d9eb405df25b471d3a34ec04f8250344025e5323b0f53bcd530c32ce29e2afd998f4b39a4426c0723aa701d21cfe6e6c060315c6b1ffb2e45ee8f1fd37bb72e2e69cb5f5cf14c56431b479772f1806438ee7f9b8e2e43cb789dcc7deaf93a7ceb2790a9c9d58e5197c5f27c75fad94a595c9e463ea273aa366e719e3b9d8392f1ee252736ff00c8fd51cc438ae1dd2cc9b2df15eadc9cb0750bf177e0b87f4ea1b5fcb5ca79d5e7defe5eea33871ee7592a1794b2f25cb7259307d46a31f05e57367a3e7f66c54e3bc1ed4d638be7b9364f92e5f1345f8ec7f2ce5199b99b9305d42c68e21772d90c27e81fb64c6ede43419808cea63b7c200106f4c4cd2fb11f60546fd9236d901628d8c509040850d46bc85105e63a65eea74348575355045ac54454d8c01783b11780a79cafba861d26052e83dd26db27ddea33a39980c95713676ce0f00b5c8d027f68ca7ff5984e43360a9f4ee2c74f955146cccf50d732a305ee3bd30b0f7e2fa85ff2b55b15166f97f14cd58e2997cbff00fa51d11d37c89e2bcdc430892e643f9ebac96b23fc83d637c30c8eeaf6564cee7326ff00c3307d2aa504b6975531f07838cd892d71fc0dda98fe7b6b99f1aad0f4d992dacf751bfe3527279dbc6ba67062c62972ee3797c76671dd4fb909c7646a6569fe81f56cf1937f2de8cc547e3a8cd493c1eaa3f4006ddf63d9de7b1e877a63ca8dea68761ec31ba3796182c941e5e6366d470286b2821d0d27b14d08566b2b557b14e58c534fdee8c6d3d02d2ac9d2fbb66d1f83fd1c489195b74ee74dbd7928fda729ff00d6f01c355c95fe5d859f8f6530399833b8ee5f4ae71fe45439e71fb70731e675b255b85e1a5c2e17a85ff2a5c6bffd0b9df18fc5aae0679ac7235d71ab6b03c8b90f50e952e9e7f0f7867b317d7cc17cff0016e0dcfea64fa7fd1d65ae5fd409a1658871976e74ff00908e75c58c39ecbdbe7598a5559469d4c2c79fe63ca380fe098ee09771d6f03d46ff008d701e338d9f0dfeb7a7dc9abd986dd7a3d4babf3bccf39c47278be97c73b70dfa3928c4796ca82f7ec410557ec56d0119ef508048d6d8f1ddb410d851924805ea4addebe58850c05430150c21430a8e1f5631693d3c6d598d5d8762ed50a4ac7be084c635b730e95c3b76c064c761e54bead84ac947e3b7d2c1be49fb4cd13678705c72971f5769d7c855c1f18a780926af05b86c74e7072bf11c3f09879565f89e3b357d52e258da1985fc91871975d58c17e3fc1df94c8d9c6f0bc27f2ef15cee2e2cde18ddcb61e0e87e0bf08e10b2b85c6e6a0ffc6182f2623038bc1c4a8712c6e3b313431d88b05c4b1fc7ace6b0f5b3947118baf85c7e7301439056c261e0c152cc710c1e69f5fa69818a482086ac3fa39293bef9679ae5dfb5666d42991e9ac08051ed6b686d0da630a8d8fdc6cda6560a3aa14759aa1ac1471a647a3a44ad144298298026cd553d61a9b4c40a3b5287f79fcec792449a08a61d1c947e4abd24f5e41fb70fd120115780f0eaf9ff00866782711c966a38e3863ff1e4fecb3fdf57ff0062603ba26b7b2b2635a531050a615ff51a67ddbf78c7a46a351a6267d827affb47ed22907acea7ff006e51ebf60f27c8efef3fd920fcf2a3f6ff00b67aae91ff00f79fb4ff00ffc40042110001040101050407040804070100000001000203110412051321314106102250142032516171911581a1b1163033404252c1d1236272822443536073e1f0f1ffda0008010301013f01ff00b75b1bdc6805b993dc8c520175e771c3a85b93583a2736918c9e69bc13a38de3c414d0eec58f388981cee29cdb405a22d3780af52468f6879bb5b4d0b17126ca7698c28f60339ccffa2fb2f100d0bec9c63ecbd43b1b1f4f88da9f6187b3540a7d979717b41491969a288a35e6bd6935ba9e02d9f8ac8b1834046dbcd48d7136842e0a2678547ca94ac05bc567b3465382945487cd59ed28b84ad3f158be18029acf8427bad35dc29325d22a9434e1414dcad6d53796e2a5f6efcd7adad991365cd631ca4ca66232de549b5584db1a563644731d2e1450c524584e8a2886b7afb5b19aed21c8ed6c73e1256d98ea46cadeaa536f27cd7b23b3e0c91912e4343a8002c5f3e6a2c08f136c06638f0d2f4464cfb7f159b33f1068c682d6cb99f96089a3d2782c9a634398a68f7a6aad4933d92eea28057cb92898ccc003e1d2b68e39dcb1a7dff9adb1b0f1e2d93e9788dad1567df7effaf9af6432cb1f3c1fe5d5f4e6b21ac1971cadeada51921bc11ca8eaa465fde8e53666ee636d2cbb2c0026b37a08068ade3386b65a2e6bddcb8acd01cfa3ef1f985b59cd6ec4cb63bd9d23eb7e6bb1b28626d28e477b3c8fc8f059b4d6b661d0a6539bc169774e6a28b7214fa869d3ef4c769369f139c6da9ad3d53c6f33636fc576b3383311b82c3ed9b3f21ffbfcbcdb1fb463260f43ca6d3aab50ea7e3f15b3a622314a6cf18d26868f17bd3b2e7aff008769b50e7e74034e4c44852e5ed8c87eb635cd086d49a3686bdbc54796e9e13269a526d3870721b91371e7c96d5da0eda5967208a1c80f879b31c58f0f1d162bcb4584dd33ff008b5c530c90c025dc997fd3fd7dc54fb6e48640d7e0bc73e7ab98e5d3e0b0f686d4c966b6e09af7f8a94b8f2ef75cceff0068feab3241045bb6f35b65c0cad60e9e71b36777a2c65634ad14df7ac696481c4c69fb4e30ee05e0ff00a90dadae1d315fc6cda9246b3c4eeab3320bae47acb977d3b9fe71b1e1deecc6fc0951caf80863d63655805494f3642648c633895b43343fc03aa25d382ffe017c7ce7b2c6f0dc3fcc7fa29e26380053599101a8f88473271cda7e89f9d296e80d2a2c774aeb9164b44789257f29fcbce7b3d8ef830b53fa9bfbb82d489b4e6da91a1c6ca00014167349c49183a83f91f38c691b16432578b00dadfb278db2c7ec95a8b79269b169aeb5ed9b5a9116b6b6c9c66c2ecb8f811f424f9c6cddab2e07f867c519e63fb2c7ca83299ae075a85a785add3568039231da9dd163b37933e82dabb60e6818d10a8c7d49eed3e6ec7be376b8cd1f82876fed18456abf985fa519ff00cadfc7fbafd27ceead6fe3fdd3fb47b45c29840f9053e44d92fde4ee24fc7b81a40da269115e7205a229035dc0d222fbb4f9c72405f791481a5c9015dcd445794817fac7206911688a44df79369838da26fca49bfd7f2f549b5d2bbc8af25069014b52726feb01af59bde1a4f24ef256b4bb9206970eab92d489bef22bb80b4ef541a40df78f68222fbf87544da22fc958e23923479fa8de75dc05faa4df7bbd6ae17ea004a79e15e4a0d77c704d37ec984fc82fb373ff00e915241345fb56909bea815dda5017faa0691d7d4a780de5e4db2fb373e68df641d11fe2543b0f66e2d688efe7c56eda052923d22d680e6f1e4b6be1c78938dd0a07a77115fab02d01488a3489a5a96a5a9137e4bd9ec5665678de8b6b78a8c78004fee9d834f14d8c16f05b5f66e465963601effe8b3b6665e09a99a81b5a49e5dc45206fbdbdd143afc48c64f25ba72d27aa77b4a3d9f992fb1194cd83b4dfc9a3eabf45f6b7f28faa7f6736c37fe57e214b87958ced391196fcfc97b2ef0dcb734fb937d8a4e6daa239adcea431c814165418fba05fed8e4849e9901c7ca678567e1bf072776e4388b52b785a22fb88b44520293459a51e23d98edd2d50e2ccf778995f35e80fe811c0d3ed1a5b3f64410c62603c47aa7c3a5442bc2a1e56b75f159d1b258ceb0b3636c594f637dfe49b1a5dd6602b11dad94a43549add469458cf1e21c56e8755b4a412666ec9f0ac79699a1cb6ae1333718e9f6826b1c5847b947c5a5a80a4f691cd458d34dfb2613f728b61ed0939b6be6a0ecdb5a7564befe4a2d9b878e3fc360bf7f54c6f8968e168435eca18cd7fb4d4d8068018bd1d371dd76e09ada44d2cb7811f15b4c87673c8f2463cc6f0f1d16cd975b1a5bd5692792e49995a3d95e9af22894fdcceed6f68b5ba880f0f35a57d8986e7ba4773299b07063362fea9bb1767b4d96af41c18cdb1a02a0de4811d539ab72f3cd3a22d3416334b9972a642ea2542e20d14c166d3e686117d53dfbd37dce6d2da5ec52cb379321f8f92f6767d78ac1ee4c36d4f1ac5236de69cdb4452d66ac291c4724257b4d82b7a5dcd6b720c71418e418dab72d3e1d4bc4e34d5163922ca8f1dc00321a523980f816f4f545ee081b3498ed0b511c9134b691e04a9bf6ae3f13f99f25ecce4eef28e39fe2fcd467f89116a52c68b7a3234a229c1318e2691875218e3aa107c16e5b549ac6b4da2296b6b4daf1caee2991b61e0ee6a16bc8b9057c07f74e8efaa22d6e4f55a2852d249a08b78da0eb40dadab206c649e9e4d8d298321930e8b1656c9007354ac02314ab51a4d81ad149d13501c2d6a5d290342bb89a45e4f34d5c1a38701ef4c98014c426d4693e6720dd46d11499fcc9a7c64ae699c804194d5b7e4ddc0f1f0f27ece65ef311ad774e089b6e95bbd26fbab8d26f84e8440e8b90a5a939c1bcd39e0f2405a76842baa6b58e161696755bb039225a3d95a78daaa14b883613517f105a8bee35da398e8d3ef3e4fb1337d1b2776e341df815038bdbc5692ee48c67a2d289b44d27c8d4e9d8d165646dbc78ce98fc47e0b1f6ee33bc1234b7f24ccb865fd9bc26c87aad6d4057739016b52be3689b5609a081e36b2241bb36b6dcdbcc80dea3ca361f69061d419dc5bd0f5fbd7db5b2746b6ca149da6c2bf031c426f68709f5a891f72936fe001e1b2a4ed1bb9471fd4a976c6649c8d27e44921b90dad6b780f24242ee6b0f272187c2f3f2e8b1b68c92821dd1479edba72665c2f340a1334a06d50ea80a4d40526b4d595b4e46418ce9a43c029a574d2191dd7f73ae16ab85a0de165114aa916909f6d6dad87b0bedbc7cac86e432310b35f8bf8b9f2fa713f11ef4d8dd246e9183d8ad5f0d5ecfe47f0f7ac59dd9790ec68d86c1af9fc96443b9c8740d37a787d39fdd7c969f7202d69e16ab85a22969f7facdf6539d7dce75a73afb9aeb4e75273ad35d4b7c5a2828b22489da9a86693cd195c547919317b321436d67c75e24ced265b7da6829dda59c8a118faff00f89dda2cee94bf48b69b79387d141dafda317ed1ad77e0b68ed6cdda6ebc9770f70e03f746d51b4ee3e24ee2015c99c53b9044f1a3c93c5528266c265824fe0e3fed3c7f0e4bb1462c8cef45cde11e58319f86aadd9ff6b830ad8db2a6d993676d4ce6d7a18207fe63e18fe87c5f70f7a6f104754c06ed36b8ae01bc13480ce29dced73e0e08f035eab4df73d037de0d2d7dce44df73535f429137ea393bf78048e5eae7ecf76548248dd5d0fc9444c05a62e05b55f72ed476d21dbdb319858d06edce707ca78789c1ba7ffafdc3bac9e7ead9f59a9a9cb57a9a96aeed5dc0dad483ec577b51369ffbb7ffc400401100010303010602050b020407000000000100020304111205101321314150223220304251910614152333617181a1b1d140c11634437252536062b2e1f1ffda0008010201013f01ff00a7736ade350918e3607bdb9c6f60ae7aac96f40e489ba639ece4536404d8f7871b2738379a22e80b2b37dc80b6c22c9aef67bb93737557550d2b7290a975e1ca16a1abd5b8e6be969fab54dacd49778459536b803ad2a8751a69c5da535c08b8eec4d948e0d6e456a354f9aa4b895172ba610058a73aea477893cf1baa6796bee169ef32530714cf2f7577954de289c1547da15172ba8da08b94e6a7459a918582e5422ee5a47f930133cbddb5290c346e20a868e4aa931684cd2dcd16710a4a5962195d1947551e52f942fa2aa9e2e5a99a549f68d0b4990eecc47a26797bafca1ab7c0e8638dc4733f05356beaf4dca4e77b26d6189b83552d34750e1bf915644ca77630bee142ede3b1baa6708f9950b22962cdf291f9a91e699a2564970b4fa96ba63237dcb4dd4a596b775506f95edf9775f953064c8aa07436f8ff000a271f9abe3f71fdd18cb9f60a312037bac1e39aa5600e364f16764b27f429cf7dac569c3168fcff0065a5f8b518bfdd7eebaa53fce685f18e7cfe1c552f89ce8bde108cb5f6289039f259894f0503463c4a7b03858a63b03839640f250fd5d3ba4fb96814a5d31aa70e03fbff00f3bb4da1ee2a05553bbc23a1554cb4964ca7deb725053c4c3790f04696967f144f01474fa7c0db3ac53e8592b8b9854b088640d0a0a196ae2744cfd569f4628a9843d7af767b43db89552d1971514aea79776ee89e2291fe0f0a6d131cdc84ad4f820670de8254b530c50e0c6f8bdea8da667e67a2d29a4405c7bc56c4ddf39aa661778bdca27870b1298d7e3c40f8221c1d9391b48ee0a9206b2d1b55347bb8437bc6ab2ee75023de02742d9c07c653a02c762135c40b04f0e905952d190e0e29ad6c2401e63de7e5270ac61ffb54154f8cd815bda798dddc0a14b09f6826d2c6d70738a92a1b136d1aa790beae3bfbc779f9413b26adc59ec8b7e7b19c059649ae2de49ce279aa1701571b8fbfbc54c6e9a0744c36254b13e1798e5f304d44db66489ba61b1bad2b56a874ada594643bc6a7a3c7a80c99c241c8ff0062a7a49e91f84edb7edf9226eb259ac9451cb3bf770b6e5697a48a31bd94dde7e00226cb2eeef63246e120b8fbd4ba069d2f95b8fe057f86a87ab9df1ffd2ff0dd17fc4efd3f84cf93fa7b0dc827f12a2a78606e103711b71ef64d93563dc01bfabe5ea08ba76c26e81bf676ec02deac0b26fa60591364059036ecce4d405913640dfd4117dadda4dbd4037ecae596cc9036f5605b6e5b324389b277a0decae706f358a02e81ba22c80b7a39206c81ba02db1bb1de835137da05937b2b85d01640dfd126db01ba22db01b2e5b1a89bfa44dfd06f657202db1f3c310bcae03f12be92a0ff009a1473c337d93c1f504dfd4017445fd006fd948bad475f8688eee0f149fa052eb9a84e78bec3dc1024f3d8d7b98e0e6f05a5d5beaa9feb4ddc36037da4dbd413640d90365cd6280bac5016ecbad54ba9e93eafcc78277137dad722eb2d1aae385aede7dca9eb21a81f565116dadf4a497036592c87540dd33caa5aea387cf204ed6f4e6fb7fa23f28b4c1ed1f826eb9a638db79fa15154d3d4fd8bc1ecbafb4ba905948313640dd66b798ade3552d44b19c2336ba6cef8661230f254d52da9843dbb1ae40df6036d8e44d94955199fc4e0a5a8880b8375f396fb49b527a2d4f5399f3182f66841e4f34e4e7206ca8e4736418f054ce2f81af3d93528b7b4ce0aa9b8c9b1cec45d3e6bf9933cca9b8439278e375a4553a09046f44d9c13cd88289b206e9f510c62f23804fd628a3eb7fc14ff00281e7fcbb2df8a92beaa7fb47ff09ce42a1c0dd36b1e0590ae9186ed729a52f7e653646a3283c939c9aa8c5dc169e2d46c1d91ed0f69695a8478b8b5dd11365cd6eafe54d878dec8492462c84ae29b3baf74dd6eadad0d1c91d7ab4fb93b5aaf70b649d5958f167bd124f3445d03641d6408eaa6b65c36bd60e72c4f5d8de575403c77500b40cecbae41ba98bfde9dc0db63464bc881bac475423695ba6ac00e4b06a32342cdab787a6c0d039a325fa295c1b6bac89e6b158a22cac0f358a02eb4f16728c5a303b2ebb4f9d36f474e6a4189b26a6024d82dd1ea80b2c939f65bd3d16f9c5191c5117d9bb36b94d18ac0c8321c07bcf00a69e38bc3071fbff840971e3cd0164d7db6b5629ab4d6e4e1d9a68c4d13a23d555c38bc8f7286d971560de48c84735bc3d76e2982e6fb714c6126c11ddc7c5dc4fb94c5ef377a2dba0c6837da45d74bec73ae9ab436174ac23b3eb54a1b3170ea833137591ebb1adb2c53562b158a6c67aa366f25939a9ec24dc26e5ed273ac9aeba2d279ec6b6e80ba736e9acb264472e0b4284b0dfb3ea54fbd8b36f3feca68c35dc135ab11d5116d81b74d6a6c2e71b283499243e2f0fe2a7d1e767161bfeea4a69a3f33539a7a222c89becc562b158a22c831c562a08c99382d322ddc1da351d277fe3a6e07dc869b5a5d8e086875445c909da4d5b7cad4dd22b1c6c6c3f34cd0bac8f516954b1f3e2991323166058ac50681c94f4f03fced551a7c43970ba7e9aef653a96568b90b13d56288ba02c881d16288b2a18dd2d4063531a2360637a7f52c01cf0d2aaa734b2363730dc9b7e088c5a1ceebcbf2e7fb8fd55551fcd69e2a82f07317fc135d9343b6df6dfd27226fe981758a2c079a31b5c2ce5b86b508da1494f0c9e668474aa277b29da2538f2b8afa122eaf4dd168c735f43d17b8a7e8748ef292152d14148db443e3fd3f5da15553baa0435508fb4e07fde381f8f35af0113b7707fa36fcede6f8dcaa899b3363863ff53ff1ebfc6c28ecea82fbfd27226fe9816d805b6396280bf62d2f56650c4e8a5665c6edfb8daca42657173faaa3d3dd4d3191eeb8e43d69364ef4c0ba6ed76d26c80b6c6a6ff4dfffc4005b1000010302020605060907070807090000020001030412051110132122324214233152620620334360723041516171818292a2152440535474b23450739193a1d225446483a3b1c2e207163575a4b3c145556365808494c3f0ffda0008010100063f02ff00eac73371159e2d8d524727ece3d64a89b09c3314af9965418050537bd52752ada8c2b075b707c250f4ac150e7553504dce350086a286a21ab865e09623d646b67b6524b298c71c4179917a305353e016e3f5dff81b94cf2e3b57454b3ff9be1ff994689ea259a490b98af92f5983e8d41f5730f01a938ad8b8c50ca0e568accee12145d02beb69aee6a7a938d0b795b89d7cd4bc1753d9abfb60bfc8f8c5156c83c74e27d67dcf6c09d1792f86546ba1b3fca854fe8d12cdae256bb6acbc4af898886fdf1242fcbcfeea1cadd709aa37e620d49f8c54914ec250f4920f710ce1c3aeb3754819890c47b9e359b3ee9286ba865286aa03bc2513d5a870cc56da0c73fd9d5ad8fed70e0583eee298886fd597ab1452cb394d5129de644b6dc42b3d55cc3cd11f58b5a0770f3dca373dd12dc5ad8adb86e09bc6286f7de83a832ef8f21aede2b4c09492bfa396dbc549133ee968c9fb346b41f785438079475e55783cf685355cbe930d2432c443246417810fb5989635883db4d875314e6abb18c465baa2aa6ff5700f2002df5b970adc3d5c9ce362c8dc641f735722dc7b879e2342e1f8b9d5e0d7092f77478874dcfee22742713da45be64a6c06b25bb16c07fb4aba7f6b30df23a8f8b1131c471257e4b26b4564d536afe5134c5e1eb16c8a62f7c10e54f30a9227a593bf6af4127bc0b368ae120bf81641115cb5ad115b6227388948d622c96d44c7bd191deb05c569dc863e9e305678e03e3426cf7096f87b578f545d70c15854b4dee86810051f5375c84ebdedf08aca2a51593411ace5a78d64100c689a5a58cb9374114f14436f180ad8089a5884ae44f4ef6a2ce1b85166c4248a2359b3f0cc2b01c54fd3746e8b59fd2c1d59fb558e62bfb06175155f680114b2b91493994f31121066432bc5728cf21298b4e7a0916cf30948ce024a4c995ecc895541ddc60bdaaf2c1df97019d7bca3677e751e4d68d8876a1d03921d25a1d164da2a01f885762297c762f2928df860a98aa83daaf2cbc583e8ccb8542d6daa3f3c9bcc2533bacd943137ebaf35e577b94bed57959e2c288148cdcaa3cb86f593eecd15ab27f812d3233715fa3ec2f2abf76a7f6abca4695b582384541dbe20092c4447bcbc22a2306b772c59668a26946421e3b515934656a1ebe3b964d28dc85f413acb4122c9c564a47e6146ddd5e574fe0a5f6aab28e56ba3aaa6280fdd30d5ac7309e5a3af20fb2896b5d151503f0ff29945674ee31dcace935bee8f56885e5ab2fde153bd55449dc3b8ff001a1dfb86c2fba89f3b548a43d6ee8ff69392266b50b9b42867a5ac2866e7139b57221a5c44075c3c150288f96c53443df24558fc58b62447ed493f28aaea78ab24a29a23be807d598f72c53634f4a50f4fa68ba4feaf5a0aa174589ed2950ca7ab2f0d8860080aa6abf67a7059e232e0544441c35159ac93f0a91b0efc938908fec5528980353503c74f2fa451c17947c8b316e4522296a9c44456b5e09357fad97ab8d104ae327822b10b45d59726b513c4237779586fbc2aa1bc64b05a1c169e9a9b05c1b0aa7a598aa29bacc488037d51e2d4fbb1d543c3dc2e70f6a2b8fbb4c486b207b66e9846041c8a679dadaca3313452a1070dd10e21052353d7c31cc4167021a089e6a0a129bf39a897abaeaf54b5de4dc0430cb46214d51d1ba6c5e3bd6355fe50c056943c56746be5f02ec92ae9466b219440fa741fe204279dc566be22042cedea50d3c5c3c6a18328fa511d97547574349e335593d1fe778945309d67ac90e20e3b161d04b042520da14d15150047187bf6ace862eac8ec9a88bd1fbe0b54efee4551e9116616dca8c3967315351d3ff27a531d778c957e187cb6d543ed45540dc52d31002a77e6bc8cd480d15b0d50d8648513bdc25e15b0e42b511d552f4ba313bc2a29e139351efa206af9a92ee5198e35950c588e285c85bf246b5b50e3483fb386827e51059f15aa4c984848f7d11b7dd13d5c8a4797f28465e10ff0a2828f0e2222f5a5e91084edc9c261ab910802a5ace68914acc574fbe7ad45172cb41ed48c0ed6c655241f7f7c1167bd0c5721a7e680c80f46df47c81df593b0acde969aeef7465b38450c01a0948ade52e344e7109092cde9e35b910a26cb85164a8e266f4b32267f540a6ace58a8cbda9a1c4dfd1de3aef058aa067312865df865f5772c5a959fab96b3a543ee9e81d19ac9b750b7322cf95488a5e64246dbb7f121767e2d04894cea9d9f868e1d7fda3554d98c6250d972e98fc55e7b9ee87b5355b2e283f3a0fb1c6ba3f4712a7e387739551d56568cf70285feddcbb56c759ca689a95ba91e6551299f582765a48b6a207744a407b4948f01ef453105a8a0a81d4cc3a245f6d625afe11310b8561f8544c4452d48802a5a381ad869611803ec7b5240437090586a486a00861ff36a8f5662b0dac0e5a9b151e65ba2089b345299da228822975787c47bf2febd4715e318f00267c16a063925e3b9655f2c330df66b69fab910be77110228a23192a3bbeac1144f3c7bc7c430f0285a534471546a6a200bc09494150f6d641cbdff0018291d48ab27cb765ac24389bb7e67876fdddf97903dab20940648cb8c483591aaac4e862284a96a62338bd5a289f94d4b019ef59af0150e19119474fc75862a6a5a56d588f37ac3593dd90ee21d541249e2b175547576de8a9c22ab1144674b53bcafd410ee2d68dc242881a52de3bd53d7c576b2098566fcc0a4f11ac2f16af8a69aab1102aa312a9d5c7c6a3a5a3823a6a78b8228835717b598f41c45d008c15ecfc27798f7d50bbbf572c3d16eff00689ab1b78a7a6b03de438c50d2c95e3791d645eb017473c2ad9050cad41536f78699036aa61d7f009531c77a8d8e8ed98b7221e8ca306a0a92294eca68869b5921929a95b0a9b5d17a6b8023b1494f053c31f8890d5565b4d85c47cb0eaf5ea968d83f95560dfeef3a9228bd405889ddae1bcac582d1b70d2e1b107e0f6b6b29cd86d9e9880d554595a5054ea0c3dc435501fe714bbe023e050c529dd51005eb37612865e5526234f4e34d552f1ca2aaa8eaa8ca4a3aaa61098bd2477006ad616d5411c654b30ea46a03ac05473bcb405a8a9be12d702a595b5124904d78747fce6c58b747a321acac9ac0dcd5c96f7d0d55400cc4263645eac2c43040031c62abb169f8600e8b4c2aaa57e12582e1c0d75d5f15e3e1bd46ccdab110dc1ee7b5d8c45ca47d283c77a918eed4cb6d8b307b68e750c5cb2ef8220cc7582b237b447807d5dc8a2ac0b9cbbbd646b5ad47bc5e004454f4023c40b65c2220b2664200f715fb96f392870903b822e3f192f14b71a86b32ba9709a623a9f78fdafc36bc3d7d06ff00d834cd2dd697010a9a277eb0405745f5d01d977ac342edc421beaf66d60a9338044966f6dbc60249baa1f7bd222660de2e0446ed691029abb2dd1020a3452b9f59c66b2e11151e232c56d46336d57b5f833f8ea0148fbc51f3a60cc86413e154b2bf36e078efe3350f2eb4176096e70a637946de724371da45359097ab3447995a2020a3f7d7430ed254f460fd588299cad118b8c91340dba44201e3154747105b1d3530c003dcb03dafc35ede1c4bfe05233711229e2012b4c82d546ed75d4a1be2875afc3b864b64a50dbc0484ef128cb8050c590c930989ae519a5baf12523b1146560871abd8c8784fed29a5371111434f4f70d391d865faf584d2f15d5f4e1f8fdb091ff515911acf8916c22bb97d5a9ad6b7737090ebee1b8373f566b272bae590190889d972918df842c42d790da4a4667bb7d6de125bee5abee8a8f54c3c62b036ef62517b61887bf17f1c7a0548ed15a329de0b50710c85c9b9c087a3d46e89d9692c8c2193b9bfab42da8ddbc4f8d66d10c6428a2965e7e015b62d61706f1ae5bbc2b6f112c07f7f1f6c2baee294e201fbe856d459322c96cdd457ba2cbef12c83996598f8c8816cd381fef3ff00049ed853e154a770d195f5843e8eed1969c913710ac965e6e175f2fa3a5ab133f750903dc25c05ed6e79aa89686528754637dbe92d43e66595abb34f622d968e8f169870eaf886b6862dc84bd6402b3a3a88f5dcf4f7fb5774bf6225d88a295ae8e50b0c5141c5091df4d2f7c7cc2d0488513e9ecd04896255fc2360c0862962d75bcd7f58b61da5e2f697bc4b6443f7d75ae31fbbd648b70778b98fd2216d254b503e3865f5804b55501bbc92fab3f309f3d1b11367e7474747114d211ee08a8e8f8a4e398bbe5a08d9084ed708f32c99fda0c9b78bba2b6bfd915966519229732292cdcf333f30a0aa886684914b41754c3ddf58089a50212f1226cb4166893e8d82b632d9ba865c8a1a5e7aaa8f47f61594715d317a6ab2f487a754fcc8a27e5fe15b2e144d9a2095c466159b18fb35bce22b63148b6c436ac80047467f076d5538c8fdef472227a3aab7c3500b6411cdeecc8bfc9f27df059f40fc60b6e1c4b2fc9d32d94623ef54846b3acaca687c34e1ac42fa82ad9879aaff00c1e68cbdd3427a09d1177964ef72d51b6b047fb459e643ef82ce2712f654ac59e65779e3fa2f74749692d322106e659b39092263eb8456e3ef774bd9299a2e18c2cfb4a36e68837c748bb70f9adfa1768aed2244fe6c81e69216d05dd5b1646fae15983fb1faa0f485f8164b5a084d966df774103f982df07983ac9fe0cb409f9b9a2951337368cd6d6b88b8047d21ad7d54fa92e4a788fab0f7cf991412bdd5107e31f6373e62e0159bf116920f564b259fde59b710e91f7c7f482f32443a211ef1ac9965a0999888bba28ab2a9bf3820dc1fd40ad7d4708f00a86b01b74772601e714260f70905e1ec611fab1dc8746d6b856c7fb2bc42bc43a327e54eda23f7ff004b26527ba87453bf766d11f8816686fdee734472bad550d3949df259ce16a9284f8a0df87ddf62ec6e29cacf33ba5de1594bbc3c928ad6b2c9178b4c2de3fd032f84cbbc087467dd31344dcb102f74111f2c5b80a6aca8318e388174fafba930bff36a5f5938f8d0c50443188e886b03d51eff008c50986f0ca1787b15aae5a50b3cdc9d66dbd4e5fec16cf7c10be8c90f843f4c6523774f448a6a87f5a6a43f592ee02f0882e952ff00d8b4137e683fb5977d65c222b670e82454cfc546767d9f62aaa7fd6d4969dd75ded191f0f790bf143fc08b493f83e147cc26f8499913a2742c89f962dcfb4a3c169c8bafdfaf21e48bfe74200c318c41602cdee18d64da0b3450708d6425f783d89a897f57091a1f37ba5de1591b6b235de86545177783ddd05f0c2fdd3f30be107c408fdc42e88b9af200446fca1f7c94d5954f756561ebe6ff0002d6cfbb1f20ac996d7d387d570db5027ec4d600714b0928e5f5766fa1389eef376a2cb84b8c56a0df7b8e988b9c7b9a247f07c3121d2287e0e9dd12143172d286be6446ff00c870e3fedea3fe45ad9fec0e92337593315aaf7e1454f13eed286f978950cffada31f620a07fd989494b3f089d8b5f4129491f3d39ab0ba99b9e2956cd1703ab65659c0ff65144fd5d40f07bcb6eecc2764c0a443f0c4ddd3d22ff00094e5dd9b41378d551c5714d5553f8b8001052c5bd6f1adaf749dc5ba1a98fc4b396529096c0122452d43db1a9283058b5d3701ca3e8c111cb71544a77cc4a8fbd11907b110cefc25d4192e95137171adab3b6d93bcb67e770ab2762864f12cc1c4964ecb307b5653b5b2724a89dfd308717ebc5178810fc317c38bf7661d137be484038a20d79f808d3c54ed749cf2ad9d7547796d75b5ed14597592226dea2a15644e3ac56335c44a581f8a2af2f622b03bd4c48705f2a9b53543b815deaead0cf473c73465c2427a7ad8849674f2946b29c2ef10acc1d646cbf8165cc2762903ba7f0c2ff000f27d9d15d29bda315c66484fd18cfbf77ac356441ab8d666fbcb2a789673cfab8d6766ba6ef175922d8fd1a159bdd21f79498ad76ec3005e17aaeaae597152b3d8891bc0aa0258ae92232b3efa1e8a72494e3cab2ac816c7b56c31f33796c5241cb541af0f7838d49e2013fd04be12644a48270d64255979c5dfb0d666b28b85667d6168d540d71229e7de2d053d53eae9c7bc8b02c25eda51fe53282a9a5e682b2ff00626a9f2badac95662d7092f442b635be7c3554fbd351cd7dbdf1e750cadcc1f0c5a4be126f7112a8a8cf76fb0166fbb1acbf08aea20b7c44bafaad58f7625cc45de25b4c44513cb2eb085161d855c30f390ac99b78b8d4cc7c3554d7fb1350e1cd592fff00b1767c149de88fe1c87e1899541f76154f10b6e88737f19adaeb6068d8bd2dab6d512ce7792656c100c68a5afaa86e1f54b12aaa76b63a5b69611f622a9db886989748a30d615e33dab2969c6987c5e6673cf0c23de94f56b26acd797769623a85d550d7c9f6023fe235b70eadfbf0ff008d5b2bcd49fbc539eafefabe9e78e68fbd11eb14de20fd3725aa7e12315b7cddaeb698a20a3a72989134511423e23d5a23aaaab7c22b14a7f0447ec44913f0ca162aa69df7696a4a943c7668bebeaa1a61e412f487ee0226c3a83dca8c40f57f8077d75b5e50c7faaa20e85ff3accd8642ef4a7ac93f17984b5d4b2494b523c33c05ab917e4ec52d1aeb0ba35407a3afff0009fe9d2337aa3f372065d6d4108f745666dac2f12dc0115b2d459b286aa8cc86419bef8a86a99adb837c3b85ec391bf2a9a50e6a994ff1a9b0ef279e39aa0772a7132eb29a93c01de34551507354d54bc751507ac90fe06170dd922a919e12ee121fd371297fd32c0f80edd1b008909cec31c716faa8b3d0ebac0f61eb8fbb472ff021f25f0a94a12961d7e37563e9004f8294146ccd68886e08e8cf45acbb56d7f3643cf7774ff07c39379f93179e567354ca67f03ccb3ce4b4548c7bb08811aa318bd1f461b3ee7b0f8a4aff00b1902c4311978ab2b08ffe00439a15b74ec5b564b6682454f47550c90d83fd201260ac96e8c90cb01dc24ae66459be8edf81cfce25da2b88576acf34219ef69872259bbda2b2e91d264eed207495d461d3178a5982359050d10fbd31c88b20a012fe84ff00c6bb70bfff0000ff00c6bff6497ff667fe35b68f0793edcd1acea3c9c193f74c4bfc40b2afa7c530bf15451eb23fbe2a4970bc4692b4483fcde6d62c3f3e28e1e8a7f63abf61f1acb969effb8b2e51f30743e5e6d43b3ef585621acc4fca19a12977eda25951e238b7bc558752a9e83ca17bb09aa3b21c4fd507be85c1ee8c966cb6b2d9c4b27bbcccbcfe1d240c874164fa3b74768a84dbf39ac9ce50a3a7efd87c67dd044f5f50530fece3d5d307d85b34ed6f3324592e91473cd4155cb57447d1a4559418b3ebb14c1ab2c3a8fdac4f80fd87c6ff00eee9547777340a1f3c951d085c455558378f843ac50870e8a8a3a90ba29c14de4079432dc54bbfe4f5697f9dc1dc572d8fa3b7e00bccdaa4774460121089ace7ddb51301acf359e63a3627b110cef7490751ff001f9a4896dd05a71aa8cfd4c107b0f8c44fc25874bfc1221307f012143a2cb7496dd242aa25a86bba2f02c9b78491339712f0a8716c3b7714c24fa55190a85e57b6b22dcac1f12cf8874e5a363168edf3246599b888a2613d71785130451c63fda2eb6790bc3a3b7416be2159c52cd0fba7ac59c55f09378a9975b8b0c7e18a8d49d171c906eef532c5a0c46719a62afd704be1b16d5bafe69668991226eeac9963d17fa3447ec3d453bf0cf0941f7d5750564050d452d4a14de2595da32744dbcb378a4211e71eb11334a245a3355551faf9565a32e6567121aa8b770bc50fae14261bc24178226d3cba32d04ef28aed2244f144489d9c455d3ca521226cbcfcc1f4166b2697582a4cfd60799b1d5cfa0b98913bf0e8d889d794551dd86283d88c72a9e8e12c4a8e80aaa9aafd6ee681759b7169cfc1c24bc24af9e9e32907987ab91134154423dd97ac459d60fd9850c1138cc3ce44b33711b976dab6bdc4b36454ed6c7371d34a5c84a3a0c4c866283700a9cf9566cc56adad22d9112c9a25b1a3115966b279cbefada577999bad8eb6ba2da2872e6d04eb55795c3a389730dab30354a6ef70df62159bee8a2a7c283747726ad2f461fe2359b9911171917a43d19336827cc912245de258a55735562567dc0f622aa94f7a3aaa62a53f74c2c55d472b5b251d614063e203d5a1db68acd6c7d3e145de145937171acb2d259e82645b3466b26721bb464eda327d1b74966b8b9176f082cb3b8450e4b3744eeeb205adced2bd103ef0c4b3044c6b61a99bc3782865e21205aace4a6a3e7b7d24e860804618e20b00474eebe82dbcf65ab622d10bfebebe53f626ba516b62c52dc4410e82cf9964b6a2077593395be2d02e89f40acf4e7a08f413adbc5a499166eb37d19bad9c2b2e1bb476ad544eaecf7741019c6572d6c1110892ed18d6672c9210ac9e9c490b4510888f008879859195a4b62244f9a2c9167a306f16b4ff001c9ec4e0f8fc5c5415254353ee9a25e1d1b1659ad9a336744c8b37bb4964e88f31b5167a33d259be82ce512b977b416de15939ef2c99666eb3cae44fcbc8bb7911333a27cee2454784c136255dfb3d106b2cf7cf8056b718ae2a41fd8a8bfe39d6505388c85cc5d649f7f46cd02eb376d1b3996d7448913f982bc9d0ff00e5a27f7fd89c6b0acae39e80ba37f4a1d602288f7484ec351ba13fb7e664e89f3e2059a1667bb47891370ae61b4d64fa7359ba2b9d76ef68cf3d3dab635da36f2a2c91331ace796e90b829e2eb2435adad7930bc27f678bd24fef9a1a5a1a78e9a31013dd4596e88acd0e5c427a36b90dbbe16ad8bc2b36d23a0bbc8b412106e6585d3fea28220fc1ec5566a9ada1c5bfca34c850865bba7b17849164cb6e8cb34479a2cd76acd90b66bb6ebb46dd1b1d66b37359b6f1681bee11599da44899ad5933a296b2a06187c468a0f2728ca38783a6d4021afc5aa0aaea896aa2b6dd3cdc03c4bb113baed5b4c965ca8999f855cb66f6e2fe01596926d185518f14f894416fdb5937b154b8d44d75460959ff879d0bacd7844d0be43c1a050aecf33c5a367321cb41337111e8cb415a841966fc2b7edb916a916fa2723b45152e0e1d2ea3f68f571a8ebb189649890c51442285dad1d25b2d244cfdab6aef0ad9ba2b35b19762d9c2b778857bc89b493e8c062e582b3a57dceb3d8bc53099dae8f11a32a5555433ddd2296a4a0312f02c9f40b68cd76a21cf413732c99f4f8bcdf12ecbaed19e572b591332daeb6b9493724428627721a7fd50fa350cb3c5748485a20595b6efa2da2bb2e44f95a4b6acd9d111b8eb2fb02df476adb716fd9bbe9346dd24dcb7a2d1e1d19e4bdd44abab396830d2f63314766b61c46dc543eda1742ecbb56d5b3ccedd3b5f4e6eb365dba33759a26cd166e89640fa912e6f58b37b890e416c8b27d04f9eed9b8859f413838a26563e8d8b6369f08efacdb4767d9144cb6b2265932932758f62efebea46943d8cc23ca18b8a8e62c3ab3dd3e05aa7742d9e814373af0a259e6b25da8966fc289d9168cf950e4cb345b5133692675977740e4fc2b6bacf3d1933aedd19e7692ddf30b2743a375679aedd04899488819616dcd557557b198b60b51c35f4c4005fab9790d54d1d5014355415254b5317eac810b2dafa09167ca8b885169237e159322f333725902daf76926caed05e616689b45cbdd42b66f68cd96d7d1dab342bb56dd1b16c75e2508715b370f7c961743fb2d0441ec69796585c57108598f5387e0aa597309a1cd66dc2b36d39370adf7d3b3cdc998a4242f398d337f6922cc2219261f5b2f5922fce2084bc488e8eb0a3f0cbd62c99c641f0acce221d1b5ae42c770a2c9c485135b70db7a27665b566ce87259708ade6dd5dab3744b377f33b6d448b9b41332909f8961b17153d2cdf946b3dd0f639c0d848482c312551e50f92915d47c75f838fa4a4f1c0b6badaf722cb874168cddee2f3320025e88bed756b7cc47c22b681485e235906e8e8dafa323759bdcb26044f2d2c77778435689e27907c25d62277e5e65d4540adbbc3a3367121593add596824d92cd66cfe613a2cdee159adac8913668b1aaa8adaec77f053fb21357d03fe47c48b7cca9c359433978c14cce62431190192ecb943105a371a1cdad2ef22ca5997f2825b6a0beeadbac916c8474ec65b58570fe05d8b82ed1b1ae5dd5b6e44b25501de85480edbc2baa94850eb6219bddeae45b3591968da8999f4ec7d1922d1983acb4659dcb26459bdc4a1a5b4bf24d198cf8ad5f72251c5130c70c6020023e8c07f9cb0ea69b2187127929a191fe29c475821f68065fb8df2e870b86f66cdc33de6fa943572e4d4ad571c3566fea8257d5b1fd0c640eff00366aaea22db4b1d749474d23764fa97d5c87fda34a3fead08910b11f033964e5f468ada087271c369e3e965f24b36f007d2c0373ff004a1fa462401c3d3e500fbf26890f962f802cf4e7a33cf476e9b59672b5c4b2b115652b5b7718a26305b590e512cf2457c11a2d53108ac9a5de5b1c5702da122e61fb0b26625e890eb776e57338a8e089a3292531001bd13b50d349e18abc358b513e0f890c9c917433432e35760543cf77595c7ee028f0cc1e9469a9c7fb49cbbe67fccd5d203b8985248424dda2ec2eb196abaaa8a9d5f47d5ebe6296ccf5f9e59fd0dfd49f04c20c9eba4768ea678769c19f6461e37feefa7b1cf15aca9aaadabca438e69de61a46f881b3f8f6ed434948212e253c77b5fb62a51ecbc9be37edc9be64d5bd26b46393ac8f5d5bd085f3f8c636f8bea51c38cb4f554e7db155c9aed637c7aa9be6ff00f9953d7d21df4f531eb01df63b7cacff003b3e6cff0042c3a1a6adaaa78ba2406f145310464ef34acf9b7d4da2be71aca99e0a6c5e707a392727a7923694c6cb7b1b6767c8a9ebe90ef82a63bc1f987e517f9d9f63fd0a9a902baa8297a7d2c5d18667681c4863b9adecdb9bac424a0771c4f0c61c670c316ccc67a5269872f7ad71fb4a831ca1cb2afa4d6eaf3cf532b6c38dfdd3676fa961bac7c53f2a3e382d8ab4b7d966b3f38bfe2b6dbd6270bc6d51578d07e43c3a97e39e6a96706cbdd6ccbeca830c3018312f26e73c0716a767da33424ece7f6f8b3f95c9576f626c2d245f913a36b355abb06dd5e5e2bb3f9f350e33e50bb8d4e1f8145538ae7c653b423ac1fa5cf67d2ea1c5b11ffb4bca5a893ca2adf9ba47a116f9861185bea45827936cef28cbd1a4aa8835b3cd2763842df377be65d2fa5d6eb72bed7c5f29ff00aaefee4d84794ec796b350f53306aea690be2d67ca3f3e8c570dc3711add6362153ab8ba794110004a5b1b6e5b191d48d5d71eadae218315d7c8ff00633daa7a2c42d7c428c1a5d68b59d26377cb376f959f2cfde6534b4b3cb4f2f498875909bc6795df2b2a1a8ab9ce69339af9e792f2c9a693b49fe4650e09e4ccb34700cb9748824788aa5db8a4726ec8c7fbff00a953d24b55356cb1075b53395f24a4fb5dfe8f93e64f8060524b03473352e74c5654554bf1effc4cdd9f53a7a909710276da5d1712e9327d619ed50d5630ccd52729b46fabd4c8718bdace63f13e6c5f565f02ea407e2e992dff007e4d134b95d71a105979bb746c7d3c6572cb3bb476aec5d8bb34936488b21459369cd7795fa772ee3459e82446cdbd16fa16cd60f17fa7dff737ff009ab10fdca5fe0758bc74a3f9de20d08433bf0d3b06baf2fa77db25512d596b3128c35d42d2ed12edd61b7ca6db3fadf41c75a37c7f94a5678df849a980ec6cbe4ea873faf4625ae66ba929cab603cb780a36bb67d3b47eb58853166e14f5d7c6eff16b01b36fc39fda5877ee34ff00f9f368c630e949c35f575cf1c8dea8c4e4717feb55181e2f9c5492d46ae5b9f72925f8a56f096ccdfe4c9d537fde747fc312767ec76c9d7953ff004755456529d71e2980b13ec662669356df4c6e2ffea8914cd144d3136452b033485f4bac330a85f59837910c75d35bb6392a23cb32faa57843ec922d616ab02f2e608ca7e58619dfab63fa5a46dbf34ee82438a3338f6c6660c451fd0ebc9aff00a36c3e47bb14af86a718207cf560e5b82ff435f23fba2ab8e905a3e8185c8f4c02dba1ab89ec6fab2658ad7c82c7514a114303bed78f5bac737fa5ec66cfe9d187626cc2351af7a29326de945c5cdb3f76d7fbeb079e5cf58587c6c6e5b48dc46dbbebcb3fad629515b511d340d595c1ad94ad0cde52c91caf8a53cce2398c54efae964f999996338ab45aba77a638dd9b840a69864616fa1a37fee52fef717fbd51f93d497420dac2af9bb0a6ba53268c7e6c9db3f97b14d514dbd8994af1e20e7e9226cfab11f0bb6df9df3f934498fe131cb24324ed58d25335f351c9da570fc99edcfe743162f4013336e9cd4dd44edf3b83ecff00728aba8656969e66d8fd842ff18937c4edf024caa19fd554cbfc722251a27bcb48b2c90ad8c2b370d19799cdf042fa08724285bc1a0933b79b514fca27b8b07fb5fc127f35621fb94bfc0eaa6aeadb583866ace381db38e4392fc9cbddb3b3e750e3985e7153cb51ae0706dda49bb5c7dd2dbfdeca1ad8b213f47530e7b6091b887ff56f99d45e50518f533ccd5007975612e5949197bed9fd373a192a2aba04f97594f5005baff1e44cd93b27c2707be68e7266a9aab1c358d9b3b046ddbb5fb5471d435b55572bd65403f6c57333087d422df5bbac3ff7183ff3e5d15dfbf57ff148bf2951c79e21461be02dbd57176dbf48f6b7d6cb0339e4294db10a68ae2e2b41c445bea6666fab4792fe5b61bd5ce04d4d248cdbad2c05ac8aef7848dbe805ff005ba88c75b895134786459e6ed53235b67fab76377fe8dd637e5254e653e2b5bd0e194f699045bf2167e2393fd9aa6c6e11fce701ad62236e26866c80ff0016a9fea5ff00583129d9a7c0a94a0c6737df73847617d3235aff004bbac7fcb4c419c9e9633943e318a5a9ce38c1be6188646fa994b04ad747346f1482fccc4d93aa9a6ac8a4968e5eaa661d9d223cfab9a3f9db37d9f3932d6fe5506ddcf54f0c9ae6f9adc951d0619018d3c64f1d289b6f6f657cd2fc8cccdf57d6a928a2cde3a4a60a6077ed760161cdff00a962b874b3494e055f592eb231622dd94be55f9468aaa7ac088f2aa09236178c5f9db2f91fb7e9500d0c1152c94dd557401dbadf8cdfe37bfb73fabe252fef717fbd1e255910d54b898c94b6c83bb046c451bb0fcef976ae796865feaaca777fe30ff7b7c8ea2aaa791a58278da58a41ec3675574f8a531d340d52434b511039108b3e4cd2876e7f47f5297a29c3578a390f46961a628e68f79b3723766d9967b156c879b412e20ef033fc790031937f737d97f82c572ffde551fc72218bbc68bdc44efe612d9a3668ecd1b1897668ecd23e764bc4bb16d45a0595aeb366f321a86e60b0d61fe184bf9aa580f3b268de23cb63e44d93aaae8925449d2ecd66bc98b2b2ecb2c99bbeea6a3aa0d641501618fc7f4b7ceddaa7928ea2acfa4830c91cd233c7b3b1f2666dbdbfd6a4a7a988278256b648a41b80939c3256d2b3be7ab095a406fa336cd3544101cf523c151547ad38fdd6ec6d1062354752334118c4c311b0c64c04e6d9ecf13e89b1b88ea5eaa692595c0cd9e11799ddcb26cbe77d038c47d222986a9ab1a00366a6bd9f3eccb3eddb968c5e18c2fa9a006c5697e32ba0de2cbe770d637d6a8b0329e4928292ae4aaa5a5ed619266012fe1fc4ff002ac0f07b6d9292807a4b7ff18fac9bf1912c53089fd1e23432523be59db78bb317d4f93fd4b18f27de5929e1aaa818714a4ec633a632b59fe87cd53d5c81654e39527891e6d91eafd1c2df4641737f49a35188d30ce2db633e19627f944bb595dd2711d5feaf5a1fc56a78f0ea6189cfd24c5bf3cbef168a8c6e13a92aaa8394c80cd9e11798ae2c9b252413034914c0f14a05b44c5db2765354d0cf585af8b52714d2b1459679b3e5976b7feae8e82aca50888c64ba12b4d9c5f350e1d4a521430393894af748f7139be7f790535731b6aa4d643344f6cd13fc793fce9a829a6a8961194a50e9077905ddacdf37c7f5bad754d33c552fc5534a5a994fdef89feb4c73495d52ccf9ea8e56007fa726cd474f4f18430423647146d68037c16212f7abe53fc7221f0ac9b874659acf3bb4f62ecf3fb3e036be82d19e5a0b2d19eeadd5d9a7b5138f14569a87f7697f9e1d9db367d8ecfb59d156c3e4fd0054c45d26336127103d8f730e76ff0076986babb01a29eaea4d8e795d885e67cfb4999f27410c4031c5103471c60d6800b6c6666fd224f74949ef929b416cd039b22d327983f0e4bedad9a0bdff0034b450feef3ff357ffc4002e1001000104010301060603010000000000011100213141511061716030708081d1f020509091b1c140a1e1a0ffda0008010100013f21ff00c12ff7c9c664c665fe895dfcb1e48ac37ffe4517e5e58aafc6ddbad19a1117324c5eec6edb3b3d2fed61cdf2e73a6a0d49b25aab710fa4c581dde828df255bff006457022d38cf59cc99983bb29e67a625b34dde74d1a8e7d4157fec5a3903fab6372374fb11de6e5ff56459af534a025e16bb58ac1761405dfa3c00f8d93557c490eb3ef8aeca8309fd732eab68f6155374ad6bdcc516d602ff00f4b474586c7977af24b78b8e229f3f997620bf3a7f82718c78c65ee75a39ec4d37b6ef9f5edada531b94be4bf091233aa9bd18b38579bd777c998dd0c946febf8f4267571e5b79e2749e63d92be740b63d7eb9ac8c4d54fc36084ceab99cebde7f5de72167d388c8dd553fcd6fa124fdc964687a57cb24c5e8cd0a6dd1d34b2035953b1cd27a6a2ff5e518857b2ab14c21e758a31029edd87f9be512a29661ae323eaeae8c390316f42953958c76199d24f9ad1b00ddfb1bb3ff00a32262ba26a66f2b722cd78e4644cac378631af6ee507a9dcee45c60a15eb96233dda57c23faa99db01c66fc16197ee8f564517ebf2dbd2f8734bd845eb7ce6898c63c1492d4217fb8b463d6750d5e08659ea373d69fb56d8669beea559c1fdee776ee46be9371461947e15ef31a2f788324424a8539c1fe20cdd749b2196a4316a36a2ad9b7b2b15ee5b4134b56dcfd9a1c8a9debd556dc085d98961f8a9d7bcdbfc7580cc2aed210068cb2452e5446d6dee90d6406378f8e14295c2e6f4c78662d59d18f1dc16f2b44d4bfa40b8996616e2f90b3396a243d52ff0012de1d38341237cfbe29a9d53e5512a14eabeaff00d1ce82bd4accb5746fbd3eb158b13fd904e66dcbd8bfc920cdb147dc3d9d363412dc8e4f83a1ab2bdda53d88165de5c7587252b34d7e6926fc890a717077c80519e91257532c269dce8cb122bde94a7755236825f98263af35ec592aca16664d5e7098c18adea54caa97811784f1b7717cf799d3960e6d67f4df26780e3d82e2444d777cfd1b797e04d5a8cbcdc066efb1940eee7f598deb0e0cef7e557f2294ee58a3ad32dba025ccdfbe308b4ec5b592fed857c6bf10a50ae2d32f09116bce4465d6cfd897ecdeefed5a0d7b59edccfd35e3eff3f1c14fe17aa7f53df59fdb8b20eeddf835f23eaac74dabe357d79296484f19aff3b728a7c24d91b9bd38fb37e5505de21cf4bd627d19325be7eb94ed2a68b17c6ee58539ccb11f59ff00ff003f807226097de63e427be2cee97896487d734fdfd6fcdf69b4b015ecaf1e9795eaff00f77fa67fbff7e98ad3b6a31dff00b7eb46a92e54f2ff0028bfe27ad4eba577f6ef2779d5b6d7e1ebb2df354a9ad638fe69deaf4d9cee57adce5fe8a3ff001d60d67d1e57656e7575405b9585386f6e6a53dc7cfebb4ff7f6c7b6cede41b92e1a3b87d60bcc47f600853fcd73f97e9eabd7afbd9ee4f8b3c285f0dfa5e6ae2340bb9fef4ceb65fb8ad579cd4c04ddeaa28c5bdb21752d8eff009879ef608b31ae22722e50371df191783b3387a9823e762e043af4df95fb5edd7fbddfda2e6febd4789700a55a8e58ff0097de50f4242b12d920ea7f4c7d95d6e533dfd826fefedcb65c40efe58c3358279c67257fda2886c5356d544caaa9cbbd4a3ed78bb8f3ad744d83dac79aff0014d541cdcbe89b54365d0de37a4e646bdffd954ddb3fff00b5e9cdd8c6fb7fd6ee36d90bbe719fdc14d4454502cbdf22b5eff3f7279d80faf77f5ffee1855f7f9ddc484011d8b956d6348d3e5607ae8cbe877edcdfdeff00ef63232188e03d6cc67894a683bd4d8bdc57975e1fccefc6b31c57ff00fb51ef17d07cedee358d6b65651dff001ed9b5d8ee66b8b39bd7db7edb97ff00ff007d95ff00fee6ab915876c9391728de9347ed4bd6adf75be9e582b44f9ec1bc454fdff6b7b0f9d7d68bf95e567f5475e9c1698145f9d1eb8c8dcab39acf01fa6db6309e8d8f1e9f1afb5bd75e76a7fa9fda29fbbade2aa4892304081fa4e4df1bdee03368578f478fb4cb0dbfed6f872ec77acef997f67742cbf8235b025f947f5fef4e6d73eb0d04ebd62e8deafcc736a3eccc7c9573791367ea49c0e130fb3ac95ecf9311baa9effef5b4f647b95433f6f12508eee7fadd1b737af9f9789b7676e947249b86f9f39fec4a9b6a64f11fef876b16ded81c82eb5fd0b4405ab17d5bd6dfaa7ebee35e981c8f2a7f7f7efd825e36ee76ee369a5a8beef39ae2e0431fcd378b457a79731e92d6c9a6f8e5bedb85bcd40b4eb6ca5d1563255bbcb78fc31124d49be8256aad11a5cf1ee91a5b187fab9de9b62048eaf3ded6b2832c2421cb85b4c6cdecdfd7b7bfdf6706d7fa7d8c9a18f3d6ddd7ee2cff0051e9258a68e46f8796af4a2d36e67749a795cb1a77feee2cf3ab9e8cdc6e38f9756f8f17f5bbadb46491f8c36f44a73e94f0c4b75da9e5b6d7fbf7edfdc0afed2a9b99aff8f4f882b0ff006799c81098f20458cb2b5376b2e1599c9fe267df773e7e5ffd33b9e79a76fe8fb89f69d69f62eb81ee805dadbce6905ab7199ef794f7d8e84c9775ff00bf12dfd5b99daecfd9511dbfe7cdcfac8557033a517ea438d47f0ef9fb2cfc7ef21bf5f86ed317a169704ae93f92f9d5dc54ac4ffefeb43ab3dbce776f43077427f9c7e6b2ee9b7d5dd9bef3fecc28ce4f76464d4ac1f29b2cbcd98fbdedb7ed9aeff37082600cde6aac82c938cc2a9c3ffb9edd1df8e35c75264fcdc49e449799ed4fdeddbcad9a9efe04f99b08e3d46b8be590239dafd3be98f3e1c3beb6b8f55639ec0d352d2027ecc4beb4c49fc4bff114acd06de73e6a639008d7e0a559f3f98bdc7ff9e84296aff703c73325ba0deffe7bd16eb47ac1639693dfb14caf563eeb3a34dff6d677df5ddabf766d5837e6ae46d36f1b7be376b9a77ff74fde65e97bf33fdb1ea2a713cd1c7afbe2bbe4bf4c446926d1aeed7bfb86f33f0f3b3b7b0d3f3bf6ebcdf4bf3c5b8f596edf756f7e7726c7abe037628a69dacf7dbb2fc7f2fc27bb813a029e997d15d4fdbace15e54530746cff00fb68946cd6eef7d40ed913c0bf8d1580ab8fef32e5df1ee5d63b9f356619f21cb5ba2dbcb74fd5720e1389f67b7ffbdd3acab1cf08d91ed2ff003835e5128ccd6bff0077d6fb0b3b6a6276d0aec010f275bcbcfc1e7ffdbf3e8caa28a8badff8ac100b9eef77d917e810ac6314dc2e514e7d9fcb8e74add1750eb866112788dd20774c4710659986fe5d1a8583b9242f6578f54dac474d2bafcef1eb79ff0006d4bef35c3fe3e7f5991e6d757e1fccb0898830d798ca880a00df063da635b610c4f0d2c4f3f94f8c4df8e148eb876c3677ba0a60c1751ac9177466a762cb4c1a9776065391b027925b59e2c3d4c114216981499ba462712bf7962539a434004da07a1034aa6865068c0b0c817d1d122c2e404cf0505c0eaa1058cb2603a121a553c62e938a4e5956dd45e84c04fbfca8ca855c52b01fae0eedd3e66d4e2f3ff0d18d54a8c7ef182ee79c73527b040d8f6efdb8940ec143f917ce85ea4f96a410ebabf27053cc6e46271e0019aa2188dcb0c550148c256c8094250d93f0cc629f2a6308e4dd069266eee0cca749c1b58c2e8080028d0d3c085ecbf6c1f150d900e2625b0e1081c19ab3435ed5c17af1520f9b4a30b26002fa29346b15b5c8298f9af6173653d2329bdcc0d02aeed19a223b3d6c4ccb11162ba289bc945b86b801cd64145c1090a2fe9cbcc0fe29d771ef5bf58ed7be6b3b9c93bafe37ee4b9e736fc3fb6e508d871c778fc4aae216d53277ccb379195c18da513e1bb32b6b6b0d9ddd308202575cd444ecea0a00c48203d85f92eb08cd3764c0bec0126c92b38408c019c7fd44cdec5c634ad094c01c235954154b7febfd8d43dd5d2e2194b5497bd5667f4ffd0d4d931eb89e0dc5e954a4fe425cb127ca84ca6848529a113a5a009ac20c40e217caac2e0be407e82476f493e2900b6adc88a4ee5da801a79ac7199215029ef4aa70d1016332e2f077a365f3a3dbff0021f2afbef3a9360298de7643e5a0cc2512e2f0f0084bfa0a7b186c98c82b0d84c5ef157d45bcbcf37b0d67d088e0ad985591fe21f4e77cc5ce76f7b41df348f4aa5ca84cd29e2d6fb7f551a5096134dc0efc4a9b23886045190a9063381b5f14153d648721893b5c4d8545183ae0593a91d8662b658b060ca2561b3d8a53a2b0890a0e02484840334e5f38ad33bc89afc04a816babf182eeebdcb3b0a03821e6479df46272a20fb8a6e666e1abc6d617e48da63401c36444a059223deae93b593fd91ed0aa68a6aced8f70ee4c629eb98acd24ba4f8a0a6dff000281fb2d59a229316eb3b0768dc21bb44689ef75c77adc56c0166b11b5e03b853f5837f4771b9f3496ce08ad08b2f3451a1db179c080ec969a6bc1afc094d80054ee55fbef3ab82230eef32d4dc2022f3045c72c45ddda4fb1969dd4c97227d3253757f70b54812b3e3951fa08a6098a4994e71b21e6e541f6d0a793d373f269794db3b0ff00fbd33b724136bc7b59bbeb77aceb973e2b17040f86af9cbffef9c1f951bf53186c4d2007485178d1acb9c60913c2a78f1044ee7f7aa7e235db5ce0795ab8a88267310ddc27bf48acca79b0a73813a446f41c42078a5df417c4dfc499682252dbab747867486404ed62547004ae400dcc60d3caa26bc36cbfc4fb454384cab914ee81de9a86f7891acb8cc0708677374a49b2e475a1fec61d8d36c09cde3e3250ed48631f96ff00220edd1c9c9391081cac4ad05aaca4251c22d389a7560620cc082eb9aa0e8704208513b637463395a27800cad55ae212c40412059138d85435983b130c024300cf352bfa683a7ca17bd0417987da8e8f09472d2640c01ea942496c5be7ff00cd53f0eddf5c6b5bfd4efb591f104c78080e44add993d1e60655d3a964c3c984053952fba35782ca83ac00001c7f95b0ff00bd5a1ac49d16c0d68ea26df8521695bd6f5bfb013d6835eac5a51c3656c3a663a2d7f072d5eff95eff00ffda000c0301000200030000001000000000000000000000000000000000000000000000000000000000000000000000000000000000000000000000000000000000000000000000000000000000000000000000b3c710000000000000000000000000000000000000000000000000000000000000000000000000000000000000053df3ff002c24000000000000000000000000000000000000000000000000000000000000000000000000000000000055ed14f7cf3cb8000000000000000000000000000000000000000000000000000000000000000000000000000000003dff000d56e34e3d000000000000000000000000000000000000000000000000000000000000000000000000000000001fa80e5000095fca00000000000000000000000000000000000000000000000000000000000000000000000000000005d4d20010c151c880000000000000000000000000000000000000000000000000000000000000000000000000000001f4f20e04311a7c2000000000000000000000000000000000000000000000000000000000000000000000000000000175dc8fc3efff00fda000000000000000000000000000000000000000000000000000000000000000000000000000000009210c22430f07b10000000000000000000000000000000000000000000000000000000000000000000000000000001d70206800c98bd0c000000000000000000000000000000000000000000000000000000000000000000000000000000018ff005ebfe31028a000000000000000000000000000000000000000000000000000000000000000000000000000000001fb0ebb4e35ec0000000000000000000000000000000000000000000000000000000000000000000000000000000000348591bed5e880000000000000000000000000000000000000000000000000000000000000000000000000000000000c3e2f093ef800000000000000000000000000000000000000000000000000000000000000000000000000000000000294ff00f3ff00bb000000000000000000000000000000000000000000000000000000000000000000000000000000000000ac44bcff00eb400000000000000000000000000000000000000000000000000000000000000000000000000000000000e004143dc00a800000000000000000000000000000000000000000000000000000000000000000000000000000000044c3050c4018900000000000000000000000000000000000000000000000000000000000000000000000000000000000004008244a10000011000000000000000000000000000000000000000000000000000000000000000000000000000020020000040000000080010000000000000000000000000000000000000000000000000000000000000000020800000000000000080000c0004002000000000000000000000000000000000000000000000000000000000000000100000000000004000008002000010400000000000000000000000000000000000000000000000000000000080000001000000000000005000000288001401080000000000000000000000000000000000000000000000000000002000008002000000000200000000000104000110000000000000000000000000000000000000000000000000000000010000000000000000000102000000110042000000000000000000000000000000000000000000000000000000000000400000010000000000001000000000090201010000000000000000000000000000000000000000000000000000000100001832c00000000000000000000000000008090000000000000000000000000000000000000000000000000000002018c80100401000000000000080001011000000000000000000000000000000000000000000000000000000000000160c01010552002400000000040812890850c42860000000000000000000000000000000000000000000000000000007ca8010464500612400001000410c18432000405aa000000000000000000000000000000000000000000000000000017ad004800b26304b0010424810220c088304001cac00000000000000000000000000000000000000000000000000000fc0400c30454824a34010444400810210480027e30000000000000000000000000000000000000000000000000000005a210040088100300100a0035071800400c103d0000000000000000000000000000000000000000000000000000000168c00c70010620401143013ac080000004014d800000000000000000000000000000000000000000000000000000001e90c208300004773881c68604320804312942e000000000000000000000000000000000000000000000000000000000f0b08000404df2137cf8e400042008000006b00000000000000000000000000000000000000000000000000000000016a0070cf18f7eef1d2d470f1c0042000c0de8000000000000000000000000000000000000000000000000000000000035ff00dfa78b308015f4b7baff003875c31c72f0c00000000000000000000000000000821c80d27b09c60c3182185240000134f3c0001040002020f895acf7fbef32800000000000000000000000000000348e1caf847e064e00de1ae1302000000c3ca00200400000000001a0062cf040000000000000000000000000000000214420610417a3800481071462000000130f2c00c30c20010000820520cd3c900000000000000000000000000000000fffc4002b1100020103020503040301000000000000011100213141517110506181a191c1f020b1d1e13040f160ffda0008010301013f10ff009d08e011b34edcef10431d9286b14d92ec5f1bd450c4b5c67c738e834a1af100be88260e6eecee1cef40703783a00f4f717ed090a87573303bd3de57fee1798e3879047bbdf9c0a220030d52a35caf58a9140652240367c0b5f051706948932e6e12f9ad887b320ea5870a8929691142648eff00a8889280f8c7030d9f35028344b0eb7e9051076ea94153e0e81e909084b4606917cde3b610d69f98620488b897355f69b90bd17351ef05000c09b81b53784962b804bba894145ba38784202414814b35814a104c8a161dfa5a116328f75f88f0c432fb4bccc4125280c3bdd15b41d624ea3c75f0a158d11f1da32022aa6444027659df5a734536e17695eaa6dd65db4a5eac1f26056c888e0e89a7430487139b91b5a081331f00525e62490cc647680642e05b5e20c032c06de07617bf353ae88f9d7a37d952089350ea082174f308068ea07408c8921a443ad55f4e92c6268341a7fb2cc72e8204ec8e128547601fb79825e4813ba3c81f4658e6a0249406a0c08822d597a051a47004760ce4345e6168d740ff0010b4609101efed0f700a0dfda174150fe2872b133d63f10000006492a51438ca0167cdafbe40fa107ca871d0946624467a2fbc15886031a964041543b33bc57a4858b9421773d18ee16ce8380624006aaccd3c8868a3d474a577629ac5baa202984812f75f8e71d4a07c123da294d001dbf30ddd096bf708b55a25d28415170db2211d2fde333d49c29958fdc42d9a1db9c330bd4ee41f9b4141b1d65588220cfa47786a89a86802b238120343d2fd79cf403c80bde060d7da05326ad9ff001d613343a8511fa69fb9a282fa173954487082116000f75367014359f27620d025544a5bd01df9c07006206c40c77d71a463d8583a8a41bd4b3254d2275936700738acc0b80036cebce1d0491d40ee6e5d46695a447c39d41d089a0386656ea13803c9a471a60d7b834a2c0adf86ee6e1848ec49182c95c889f50bde7f8917dd7682a4fa2fd4b9d7c593f4f7ff00850000001bbfe06008cb9b0187f00000736805e53001016e7c21d1ca800d930997f4865c6d2987256ba3805838767d600c3f840f93b7d0160e4e03168561f40bfe200c3ea0c7a17d1550282e623a9ca0796b08f500cfde21f72237a26a265f58ddfc800990a1bf68859bedc9850a206011b5461798cc32d5cbc9a40004505a584a0300412c10c7784a437a0109addff3801df00d9364d9c98069018609167e66c498f00b3419651a2cdda0c19f58e69608a836fcf00358fa80cb876e97c70c8b44bd10930750a2449ea3ecfda7c17e225285e8ef473718810fbf5e4b918484fad29ab0d82066b04a030fbdd21a6c671a4578498b22f517f485c3a0b75d7da122299adf50005d901472486400d69a7595689a083e84080d93e0814220d4ff00b1be6b35c741a75d65263850d3a3f027c97ee0204410423d5400f40439275888113b4f312f052ab803a403b23c6a1235ff00227c163a8395887da834df0611a11246070c0863c1db7bcb1bd248fa2838574021d6acbf4104901b20f220ca5ac0e0d7960619d692de53a6d0416807ed1b49a5095d5e018e354c5c92f5e4e5ad80061b170914d2467d2139710cdd4255e10a028cfa4dd083473d68ce40c4f942f48fc3b970043cd81d35060b15e08d94b1582ed1c072d934cefed3a60a05549745a50907aec3b67c4a84d73c286b091fc626e67db92ba6f4fee209a020a1250d7802850710b414805a275e60a05882012ffa9aa886a1022a282ec03ab26d6148341c8d4f688bbe526509dcc5714d46a0d238056b7f503704e4a3274063afece352700304dbc4cb4f517b4a7929330bd1110041a25287c0000cfe082d0a28013a406602883a8c9182503e94a56537b38045de2149a0110a46f949a2e03100277b7262a49dcac3821cde07b40a34cc128228754d91d1f48001940406f2bb69121dcba93a9a430aef8200be691c37005410ed02e117f26220afca4dfc0f555ecb93dd07dc178b12041b8141d5fa83eebd2097384223644baa2de0000985f0420b1f0d005a3e083488087c62586853f8c404024ca2887ca4a4af9483091a880e4ee3011f23ebed06f820c4d377100855f948fd803a98e41c781eff00a8a4a3535f553ed15073495174ebf118701b25a4e000027ca7e63874402d23becd7bafc7284d886cd40646ac2a8cc2e92581530e01a8101f7225e99a91d3483c4c9a01b436b96a0aec9c28c1b23373ea5fb4db05a25b5683e461a893e824c0480b2b7cd20a444fbc401d8be2c092c7c065c0630707d009972e3e4ffa608968848016610b087585438848013982413631d886535af4dcda086c04244482550406a110a36109104ca2a9baa464a4296c1a24f0d1b92800d49b0ab620c38c264589a081c9016c8509a24815a4afaa5090410446e9b50a009cc0681201c2115f4d99434e14349434e153494349434953484002379c148220020d0525ad3b88928db8fb18ac1b97b4028088d113f7267bd1fb46560428535b1ac06194b02469466dfd430518a4b4163e3a40202ca105191a4f0fde035603b52f0883a43848190f41f0c081076175d2ba866287531c12206c4e443507ac6ad82304ba0025402f1c1ecbde1041add368c00ebed06cd4181a779d208207d359c31fa40dbc30e2329687d230987f5994a3294b8142492cc249bc249a98493731ba6b3d598b5eb837a690c25c02e0a2236421c3bc441c09548a0aa1435496b434c50122823294652c4652c4030812beaca65309b3e8d93670d9c46c8812dc72e031feb7ffc4002b110001020502040701010100000000000001001121314151711061508191c12030a1b1e1f0f1d14060ffda0008010201013f10ff009ddcd218039f1b11020b9608ca9f40cee96ba948e3108996ef181806999c621c9a7754c7727b377436c076e880c401838d97e807dee81c65ae0be60c8638c0c0088920f9d0c0315da4a8682b454c9ea911247159c82910285b211d190c162bc252229c083b7c211d0907b65238b36b890cbf0a1370b266810008ab17692224646d039360800fa2081691a2b4802a471536709231689003bf550fa4c5c36aa292b12cfd940d9f773cc4193d88ed0b653dd874d01a268c87d8521022303963569221f0247a027b26fc0161a0083803bf15778ce1e0dc7bb3b228c9048eafe23144b8f2f9467a4e7920b58fd132c272309b81c0b042d195343b0f71436e1800093edebc558f3800037f89b9bacd2084d11536b911025bf4401161c34b1a60800dba33247ca8f650d92c3dc78b1b99c24c22042462fbc0513dbaa4a68faf742a0b6f074605c5e8d5418639abd902bb39ec8c03cf6b23d6012ce4980118a710ee24999c9d9cfbf162896411d411dd183f544432c9993f9a1625ff0089ca5006119806fba7f20341faa1f6532986937aa1997ddf8aa805ba3ff78c67474f233000effc43481a2e33f240001c832309cdf429406adf927bc459cf3e30f4c4107906edea99c178637466056c1f7b2fb0d90e46646ca28036fbcb8c86f01e848ec8558202c82bafed2811d86f84f3e375f644e0f6e321d12379892393e86a609d6e4c93282d803f7d38c16c04c089837e56f540c988c45955a8c35147982ec6a0004b1bcb6e303e7036c169487d8d2308a7b62a1a9a6eab387c8d060b15821524f408e1b0a4c505f73094b4187172404f300e14e8ca03a174ecc720f605fb4bc71656e81933ed9035cb8e0a965ff08228e14055e7015710000a155e700055c400a161a61e781869823528f055c1592e597920018784015694782af081570584f3c0000d5e5815705a351cb85074721d7eba6e8858f1b000048002de24204b17f4468e6302899926e7429648544faa3c0e1626ac64f863fe10001cb4197060e6262b0d40336f447a8990564a52a8de69eaf1b5467c02af1347d516088acd04850410d8174cd117b17764c5eb33ba979c83b2f4003c16ca0ff14d5a0c56e32dd47cd8c7bc24c693288dc9278a321cada4c87840a34048cb27e10b038106d6259134e8a7312a596615ce80a1488680fc648541535f20704d840fec9f43bfd1a480a1124fda840c8cff00131b8895c0971dfb2ea2eca1c5fb6a046cc9399dfdd39c781fadb64c401ba2e818734e40c45bf85220811880c8a062473476389510ea405220aad0582f82492c864c26247b6a24d4d5820e180a6843808882084c14c92b030142e8c04e4ede0001648ab100426d69428135a03989b174935b6e0ac34a21cdbd90e82368cbadf404d72a32db4556daab2df4761a3e4cbf517303b2132592cb40640b2d034f2f7516a8382b101e4e666f62a6a5526188563683050704691bc2d806101d46d5d01441faa18a8844ea61a229373e49a06e55d045c35a964aa537b39038315b6024754fcc09107d1509d0914d34cc86e35c94d12d72d04053390481a13f6e87b9428042002ba428cf00682ed2060aa578e7e9c1c0fc22ea989ce86e34898ac954b2592c9443990b0c4270be9327a40c144c134c9a44c74103151714cae74c808011e0eec07198b933fb28eca6453da85d299154d135206c8f47ee98831e9d11f74eee74443780064b2592cb41300b2432e5cc9bd1f8450059d04c256e854500dcc021906fba6060bd8e364d9327c1486e6c07ca22081c93300bb5564b252926f2324d533b3e06503372c6e9ec7a26ac596a015232cb4021e2480a5dc0dfe3ab278b278b205f4041923a2c0967b3d702651d70a26a8100bef196c53a867901781fca05f04311d000c600638763262084f2d43f597364f744b4108993c5902eb678a8f240cb4d358757ca8c9cc1c0d0874c3106b1f8d93130c97b613f30f2f94e2c279afd0f84c106dc1795c140d1f7889f6ff2177821081420482a702132849c227729ed0440ba85a11ce4a128ed01b9c4f983d2c11467702708f50f51b23020a9190494498a2e6045065280a110fe1a3cc0050b2ff702019f858e6b2aa4e4e2a222308a8a29324eef3ea9b4b0218c012f5972b9d180978584fc628f2055ad1e202a557f9bffc4002b10000102040503040301010000000000000001112131415110617181f091a1b160c1d1e12030f15040ffda0008010100013f10ff001f5f7ff92be5bfd8d7dffcbd7dff00c4d7dfd1fafbff0091a7b19ddffc32be5bf4ebefe8c1ddc3e5773143e1dd58166e2113771fa096622e434a797ffab5f735f7fcabe5bf457cb7a14ad03e29431ead9347eccdbdf4c1d8a5c0ca295703a8ac142f63600631532e63ea501bf8b5f7fd35f2dfb74f6ff8abe5bd068761514ab9cf1c0b1ef8b7ab7985fb3d8b9850c31b0908b55584b8850738381fbbcc403899036856f3ff00a69e5ff3af96f466bef8664507002f83f8a51230f4b418814302f99227dc184fc81602d61f02e942ccef3d880ff4ea5a7f9081c9f1940ebe5bfe7d7dff002d7dff003d7df0d7dffefd7df1aaec29c5bdc046aa66a458a8dc4d04089687129903baa45ce5a1b00a56ca209e706361b857c09421c6314e69fe36af96f432d4a82589963fbcb026b063cc85f01e625585ca12861070220b600f148b490e4599b951774ee8a07603f4ff0055d0e1cf41c8808b3d37280133dc0d813fa17462e535c0bbb86b0365598719085f1bc0ad7768817d286a470802d615d47afd81d4a03fe89d7dfd28d1381f03a19e45ca79b1dca714f97b9f423911eaea98086b122eb352d128a2865742009f059ad9e42dc60abd10f602268a0fd55f2df9d7cb7edaf96f46311f5255804313c13160eb3e066cbccfb2199c091a976cee40f63e84509790e2d7ac8fa02131da4d904abf550850530a80a6b2503a39a8aa299c70cf932e96391f423965aa2173c973c9d8da150f7250b81ac3ef9997ea78183217fa857cb7fadf0508e46d64c620ca2240f0fc8a71a1c09042e1e45961855b14f2e76b2dc61add2a7d930b975262ee0c34d8897d191628ea7aaac17128983446c372c29b48e2de04386852ac4cc50583a6a76262716844194a040ef99f253321e4bcb1650ab4919ba499999885bd27afbffcee07812c18889dce401c87078b226d4a081419207a61008ae562915cab1185fa3b9abbeb8b4722411eea11284599eab2340e5406027d8ad9c1c1a11c828c049cce129bf005866d4115a2a3455599128c89e985ae6a713b89d2ce2441b9a038954a50a135222e04000d3cc8a3d51e51f2d6781466bd0560c0aec427bf0078047c2452c48e6168c472422560c6d41ce6d064caa501b90a5630307e4a80afa22833401f42752a8709b008b074a67aa04c84061c5a02a6e2724f259dc1f4602ccd5c20102952bf568b92e43b9fa37b710dc8681a93607f851899b1305c825c942888ea006e74c03f07c951fe5d7cb7fbd9b4e23e4160f1510dce03164d7d700e3f0109001429773828f204d55ac07ea46c262b9614afd6c0144ae66284df01720c7b8852883faa601ec4799430439cf006b50892f4f72ea8e50fbca02a1c3a4d53700a07aa664121dddc216f93b74f24abb2600b0581b8260a96508f54ec2690d40dc4cc1809257174442d67f5f225d4919914c04ab02f42b9e037950d11ef80101a04a1f6418587794db0100dc26883d1407ab240802d9e4466a835480572c421026022b27e017e167c291c311443b15900def4b814a0d05e18ed7b44684ad0722520e66318fe4fa7b7a9558d183255c450f618752404991a0c71015cbe7522a261ed4642ba431401ca1ae1b0994e2a6417071821d0714dd16fd237c1c8000057cb7fcd5f2de8f521a48a2513c8a7a95c6117f0905000dc93ac18ae457f0cbd310ac61da05f3214c5122994c6284603ee96189acf3908574127e7d7dff2af96f50916222839601a900381ac5a08653e3588b4e24703ad25e52209f8be05852b0142f037a489e00081c291c1819918510329cc8e3cbd5b63e8aa778447dc7488178b942a1244337258e1d76b91f02a07d42a5e343a8f8608c6dca984c099820ec778835f2deae9150380fe0b038ac017c8181f25688457b7287c81b17dbc88589222bce70554098018fbd73d60460d898a910b851b73a130ba83aa5750a07e4a9d86c7031075273c4390ae3e234a39458ae5891024533b94287d5ffde88120b0988b28d2c8605790a903470c9c319243e05050e196768150ae41d19b8295982ec621eb0e4a9667839314830cccb84bf8fa8702870985107987a7407b01644f765006ca4445840fac1c1188df247ca97a9264c9e059e22309786818ca673130207c6a072e44982a9652461521714bddd2be5bd5fdaa1a51803d8dda848eb7360f71545044212c5a86b903a79a0c7df03b9ba9a1bcc90b7157cb7ac0a52770a9ee26e34be03205f056417be44b1adcab342a1de47099412adc703d09372847d5c3d589a842ce0482c880fd6041ba0c49e829399d098afd9ee700df4a4e407e84ce8e671f214871eab30bd1e4b022663a39203c12e120151b9f4239ddcdc50f7613308bb0b5334a9717224dfe4e24c5a8b098696518d78d90fa63232248b007af52e80a1e3e389eb01771ba9cba901798f1264c66061f1a129f6e74352b4639607629917169173bc4f97be3052de9815e2f40b52613652500316e284ff7f5074bec5576f1cbd7860cf1cfa228e7d1170335fa946e47317728bee4a2188a5c9c69c01a602e64fee70a86806e3326725366d63c4f23c8251c6f60e0987b9e4a831e18ef11527f015bd3813cfc983eac3897742432e91d8cce0a7cff0071503f871a143042528dca373829afb9afbe25369376625d4a45346754f71ba4c9ccdf2caff883e83fc0889711fb115ba54e25140498a680fe28a5105073932c0e89f806e1bd3d2ba390193d750a12ee5c284bb9ee8d7dc42df06a55c2be5b0e0a57cb15f2df89afb9afb9afb9c14d7df0b88fd9986529d4a629ca429192bcc98fb9781fd3cccb1e441f288711331b4043b83494f2350fa840aa6a5cfa2bfa4bc13431140c569767340a2b111751afb9f62395f2c7807c4d7cb63afbe35f2c69ec6763d4b1e0d3dbf0b9e0aadb1c3b9c32a1a8ee2572950dca4991dce1ac21e772c141fd3321a40a048472d54fb159081112e51b2142b7a40b7dcc9a07025cee827cf9bdd9cf6a50fb11caf963ab185fee15f2d8f052be5891a2e257cb133ec760e502a4bbe323e5227053b8c07c8b2c4425242e667cbdc4280213995d0a2fbe0b35e980ab1f304f372e0717e33078009ff2273d1bfb9e223461d7cf1221f4b0e23361c81231799c14e42e873d3f3a3729e5ff000312a29c2c4c8d5b0a7973c0ba44b1b31e4596272e848d14a7972658781118ead4f72f6385ee71a114791095768dcef142e733285fc6a15c8880a0f38912280c841f4641700724e7c09f374c813f73dc8dce048e68c7771c1c4a79739b9afe55f2d848c1a653cbfe150e1c14d4b1d4815346a956c504ea865752be58ab62be5b09fcb97063e8aa662d81fda60b7830e2ff004834332c7466447e822134350d9372ccc43d1610f4149c983933e16258f049bcd9eed44f95e6496e870902811cc5dcf1561cf5fc2be58e0bfa0b9e66ab2668870c3932e614f2f8cfd3dca37c2e30e85479cb33c115f2c58e108aa3a4ac1888d43406284d8d010279bd8a90489905066f45cd1138ed0362542aa0855454532f8261109a753e946e986659080a7521873d7f3af96c2be5b0ee4af962a163999a09c75363529e5f1af963974c2be58a7973b3f7330ca699c1452444997808974526628a66dc18a5ce828172b5184fa290d0475386be5892bbac406f5b21fc1226a1806f1e2d30a79726b82be5bf3af96fc3852c2a190772c18113f24bd3dff1a797fc26689e10806bd06064f0288920c4fe92632f47ca6026be3a07253edce981180846de8a45ac804c6a7673975fc06e66870461845ea60edd3c95f2d857cb7eb93c2e54af96c3a033578887f2c4dd13ca7e34f2ff0084bd3dcf020ed4585a8d82e0400398ac0c320d0fc705281d6363e42d89ba120b742be5bd10e8161c05084184a92ef3331ee70c0d7dcd0c7f02a3521e40594d3fd453cbe35f2c4c4997363dc1529e5ce5d4e7d85333a146ff00a79752c6d10dc3b921fc1d4a8052eb0152243afb9f3573a04711e32b97c313412417d11229c0282d02e2c02428355043fa89c3d8b1e722102c26070a67b82bfa69e5caf96c2be58a7973dc66146e66b0a50ab628dff4f2ea500ee0e538cae5961d0214c707c4b70542963c204a74a767e3a44a835bcac0de9e64103e8900ba1909f72c3dde67b86a3847e560c7d5f36e39f76fb758085c2d0b15121987b97ebd3d8af96c33578e146e48d4998bc8a37fd1a7b131b7e75205b6038c7a902cc1c4ec42d0bf0774e8b1a1e46c39caa52682ba8c98c81a03d12c928c0057c09520d02492e735ea5099a39ac6c7af8d025b1496f4a352fcd4986814f721fb0869ec69ec57cb1a955d70af9627f2e48d14af96fd1c1498dbf3ae11b0b64b114aa91c626c404fa050546860ff0003910d0b46a1eb8a9118bb16f45c2201826912784c0118076840fa4a8d5acc99a9afbe1746a1461001deab7138e7963a7b7ea1072923a442be5b0df02857cb7e5c171f815201bbd0f708608101b6154428bbb0785b8f710fc58a088f87b14110aa6c2f04cb220f44a8f4ca11acea7b92a4935978c70c099a195d8e66705241313fd82022b4b3b61a7b7eb1da07282f55c3b74f272ea57cb1a7b7e5c14e0a6c418758b33b6f63552180e6ade28712c8c728006c5ae4c985ba95079800cddbfc17a205f45111665e8e20e414fa11cf72e57cb7e14f2e48e8e448ce40af96fd3a7b7e258981ccca3734f6fc8f0529e5ce0a71a9444653dc32028e08eaae86c2d4373ea6851308c742a91288c81a97d1453a256b62e5462fc7975c45b5202d2c9d88adfa60d2bc70ca08cf457c30dced40cb00a797c4d3d8d3d8d3d8d3d8d3db1d3dbf0e33e7d635f2d857cb1a7b634f2e70529e5ca797c1c6318bc43327dfb35f7c26e23a157c01e807e24c83be38b2aa7f44315a481622a7d10435bd8c00e31c83cd86993d8a06c8caabf5a60cbc5145a8a18e9519515084b442b63a1234382973c155b6c0d434f63829a7b1a7b1f42b15f2d872e8216f829e5f0af962be58d3d8af963829f62b173c173c1c14d3d8c8d1c80b0af96fc2e664b12a1776c8ad98cb8e00d536ff00a282c3589a74a405021d168d0f0f03c96d67c5ce31d7cc9baa784149c8ae399d87520e6c4a7db9d08662892f6211cdaeec74f22e7833970b4f6c2d5820b5b3b1a7b1f35a3814de982d5b14f2e48d70af962468a6468e4c42e78247562ab6c69ec38ad9082b80d7dccc4e87b928bee4c53628b03e0b73213d1f05771187a203021e10e327c0ec1987131cf424bf4342958b9112cea792e39e9d8a93ec70534294839619991294d876519f693130b887d61556d8fa158a797c3a0c8fa15b0886b343d8b1c14d3d8d43a45202b310bb0e73e8389d09525df02a60469335fc75f7382973c9d0caa6e5c4bd14d50068e8440664239150d03aa60598dbf3a95f2c6bed5345a54655cb534beca682f18084c14ad06385a42a5496113aec75070753213a9739c701ddc9ce18963c14f2e3ac958c8d58b1e0f0e8c71cb32adb0924bd3dc723e5f01d84364a1acf75b724525a1b121579c483759088fe9620ca0f1431a2560ab0f7183c02050975459b7012fa247b2ab62b565a1d464db14327c9956f9b9335398c22b75a1d1e0cbc58f821e10e19e0470895f898e0cbe1a2b415686c10a9d6a7077dcf62ce29577bd073ea8832f162e732321e485010ac9142a1c1473ea8855b1c1c977e4cfa25c4dce239ee480b212903c8f32a3763c1c42b0239568eccb62d530ab638343a3741477110f87b1cad86604b35b1e3c1565f43fb87cb028f8899605f71c10d5a675d9a9dc9d89994a09a29d88e652609182a6079a0a1f122614cc0070fa9448ff641c5a1a484bfacb248e67052e1d0156d872ea3d52d26207cba1cc89fca999bdcb82230244048740f51444b940f932218798c1a8cbbe253af91d65e24c3a933ea53cb99d1eea8e6f23929f43ab919acb0002d84e7b95535065530e0a5cb99639915149178ea281c96073418db32911d94c0ae0f72a8224168529687c0e86e67323b1ec8e2d628edba10315948c8d58a8785702bb404b092874ab9a0253e96d8b05ab814d4adec03fc853a6c40a2301882a78b199b9c4fe0c30b86255b102f11c16ce98164b5129e87d8abd0fd4ac06856c4cf808a0c05091f047c29e4d1053caf00f44ed7da1f41b8e49816ae09d824c77a1a98a7d7c06e336020e846a6a693408d06e7c8a6651b1a8c4611bc4f60bcaaefca1be6a773bf800cec352a1f42b60704b644c4e2a0e49647d19c97933b972440749ce31cba8c4f05c95d4914d499774283737351c132355cdcfba9a9a541d1bfc5af96ff001107a87542446a6c3b228b6e58f038d7f8baca5bc2686b294f0ee1be8740cf71cc4af4b602e0ca16ca18c0beb48ccf3140fae238eae7cf22a1fa0c9d22b5bbb19ddca2828e44b846887d9e65cec441fb75422b8c74267013202953d54f2c3997d31043377c1af394f722cdac4281f0d8f63eaa8792714771130af41b0f4ee87428d3f456010444770bc09dd00d33db8e54e47c11f0a7d0ac7f4892572ec1952c3f7388fd9d0e06fc8a941e70352653332dc468c534f2ea7b921b5f7331ee647a133a3927a700d41e4fbe02e5d8332f3310d4e86c789003991a6cc5ac7a22e03622ba4cab238931fc28a014c20b110e7064868f317a607ee312c7463c09432152b4d0b098e76c5e895aac75285ec648640ba9c2b8a55d7029b63734a1230698a6161dcd8ab602168568cd7dca13e87cb4a85487d920ad041a9b865e6c53cb99aea771642b6b53e03949ce27c95118b69c70dca83ee5e7aea654ae30de450c1499702fd503762a04dbfc0afccc25eed81ca7db9d068eb60d05d865e688409e48645a94cc8e047f450d0856ee04850823a30525e6654e29e6a49aca1cdc9baf438756142fb920c7d550ec39ecdb60199ea8f42238bc342be5872d1d4e03e4489f06abc4ca4a1b191a9a239d0996044f18b722c5f39095f20451fe475af855cee686d5c3324bc30dcd4c290a627be1a549d7b1d9c98a33eedcdcbea668913991229ace5d0e1334252c2487a26ac35e46b2510641eaa7400ca48a1ee54f2640a07a9b0fa19119fd30b4e81c59c42eb840b1813ec292d43a1c8430ea646499d8b1a10c089e44eefdc813a0f8c4bdec7b92cc4276861a99889614b858983abb320839d09846b9f4535260e73e9817d627a5d49180f1ea5d47c8c72e980aa2885dd8585accd66cf813a928932b32f45663e0391f52c896a542c113fafb9c840bd320fe64456454f090a13c25cb0da4e792e87418c2a6c8af110af9c66503b8ef5342dac86cdd190ca1f88535be5032e98f05f102b8aabefcda87242c418c295f98cc9d053c8645d3ec48fdaccc3d0b03b0a04e948953e2905a7c0523f617198e11c6a32892525aac5c191a39a87ee5c491b8c58c22ccbd7d15d95e0322624472a209de32c410fb87ad04d221ec299125f6a9124a6df9d49c3aebec5084a6df9d4b13459a9f413933352c664267dcccbd9c81a087da0c53084049c3ee2544796667836a5c10fc120608a2b72ab4c914acfc6059999d4fb798a12ca6ca26472e69038723a364ae1618e61859b4098960fe5e2a41cab7a3522ac45153fc9a31442939a143a173d0cce581ee6c48953e44c8f2ab6c4c4327a90a1cd8aadb6032284c521b9a333f9490e31b00fb959e00d8b0c30f707c950893a010f9ca2459e29dbe03493ec797d14701e01879b80e29f069ec6a05646e1ece43294b8b8f043b8e42b6689b84c882fe8d023c9fa11406217885f32c33321ec70d0aadb1327d62ac5033281e5cc8ee87415149d7b0e4892a5efec453d089f28a0e47950ec0cea2799e52cc4a57d6a301674c907d4f77ec77583a91ccc975cc92ee28e3b7fb3930b437a355ad470756c552838b5c642d1fca9130f6274da32d046c7d954898e943c9b80ea2fd1c0600ea3f23e6421cb7200d9122379960321621f6189d4ddbccf732e1c0b47690c8eb53814665d14e14c726be4642f1230442b330ca65c1ec5c4b82222ac79050893addcf05a923dca0f6a61b71d4536eea2c6f748ee27528edef82b13bf07121c43e870a1c538fe4fb3952f28b7342e0a9815b99e4b813314211f462c5e225cb98827509bed1439753c00cc51128e80b990dc89563a31203d82974ec5c86d97a08f18926ff00241325732e5860bfcc63eb9fe00fc9ad5b8e668bbbb9b82414b99831b0e3b2a642743e60a5aeb815f2342ab91a1e848b3d8b1c9c65bed8171e20a7d2392676200b1a29a3ee30a6e3b919371332ff00134f6ff2508792d5d4c16a494e2e31d9d8fb3243c7879cb51d19d46980e21ae64c2d34921c2b1a87cc4a950da968dad2488cc227cd42f3919565c1bc95d42e2f40a35538c2ebec39bfc9d03342de8686b948b8b973a14bd594992a6c1e70a86e5522705481619fc0706272a0e366f80964560edff8ba7b1a7b7e3a7b7f8764de0f03b87ea4a35f4946d57362b643f9091345f2750e190bd4897e4e5a128994cf07ee3267861a4a3b6f144fc8ce5c27738cea456931fa962f90808c1881bb38895aa3927bb3c0619a528a927a7980ff00c86b3164be88b52c9d8f25e06564f91f33cc72ba667909b615a9732a0e22469ee527b4cdc58c89d4715f485842b90c8d9ad8914bbe8b8016752e8e47a241cd5c437c7f81302fafb995d8a1a271e05cdc39906744811009781015339db6fb9e093206110c733e85fadc07b20f7184238fa73a26777204772a665ec52b1d4242b4eec645d4719ac090ce371f814d2088cff1f01aa7f4f6fcb4f634f6fc54b98685597ba0c35d1a1482ff0060d4e8c5515519450ecde884b58414ab0a706c6a31d255521609005d1e22b54a68e8595d488a8aa8e6c2366f3a49e49d0c5e57fe9506aa5ce0e750068141333686a4fb7b28817ab2e077737281e4e655410d01cb11b71c97d8553dfcccece4c7d9a50e0a215bf8552d817cc5e63b91649852eb81f302129e25c11dc0f0b33d04d78e4a99ef81632cf081f7e3143ad872b8477529a1451eca13b84259ff00212f3e12448fc1278aba8a822a2dd04c4ba75d5b4eaeb30f9029fe633a90a5ea9c0a5980bf580502228ce60e890595c22944852a2a14f222b8b105f59e2e9e44da6545702332aa0873db14f232ad12989d551a82a2bea746b76562955667567128e76da9f2ebd6aba292c1268a0d2a284111263924109280048822d5638d5647598aa08774c9ac94bb94aaab8c8680365ecc9417a495c8a8aa2a820d9058ccdd6caacc4220812297997c84c16dcb6670bb6f4b14445de0944e8a822a95d95cd6055cc1b555c2b70f44a5da93116e4671c2bf433e145b97a7415124c4fe5ecaaaaffe2a8795a27d606234c40142919adf12502d2148590722cd417bdd1bacd5a59490612de6c18e3b9e220510924822220a62644d391528778569867a29a310a455b2502a8852ae7081c925c2251876547482c050a45535b094e22a08d108e4edc414e47d62ba8a5332b04aff001975421552aaa82aaaa8aaaa87ce951cea0573442aaa66028f711281330929911321092790672034044452afe8ecfdc88b0a8ab7552c6e0a7d21d2b7a9f0ac51b9d7cc86426c3ebb3d703a0e3c122127da14ab8f12a175ba195e6f817913548153ae449ea6e57811e64e2856b653275e443dd63c7a30a6a2940cff00b1df0510b3bfb126ff0006caf3810c405bd547a381c8d3fc9828baf3109420a9288a88c7134d1dd442c6462bb4f31654c0a013e6710f8455565519674c222222222222223222232220b42b5ac82ea2d18189a2b0fa50f588f582318955533191808788b5d477543e2bc8ee8bd8bc51634569921d011550d120b456228543a2a2b6afca09135e4a74454545d51545c73342b89ac1594890484744d98d077664ac8c82aaa4105529526a55d81a45782c9058d688514e2aaab25c6c155422dbab788ae855d115d49217c0609deb24ae849144077ac4b62e8204b208b700323d1d904888b9c6c24338f6754521e0922d2c28fae5f50828aa8eaacc25080423d5570762b264a28d471fc55111d462ad078a11d4472c58a8bdb322213551245722330d515694a57915d2bf1520372202d4556914a24a555552985ff2d45808a226d0c569a3070d8dad04224f0c8505b2a502972e18096c4e8aaa53f421106491149e3810a804ed1109177499c1057088e0f724f352052681a1ca198e189212b91b8d2e509b5302a1fa922fd941fc263edce84cea6426bee7d88e70ed13e7828a54d454923ca67423110815ea5cf14321ec702658fe492f35c3210c0f9b2223c40abe5bfcaf69ae7fed67ad4c5195560493e1026a42c8cc545288e94053934741155b8e7eacaaa88adb68a9b5389132aaaa8b1316254d8337d0a87f42a20aa2245680807d0341bc19750485aa205fd7473f26eb5a488e915756d5c37d7d4260741b9bea2448c149a103ab379257e9f0c12ac590eeb1c1f7ac9423ead24d2a07723fe8964484bc8e8b5fc6260d20d57578f14163d856a2f234679a9dc6b54dcae422bd85bfcaa140dd595af505d228df4b9d24eaba59516e353ddd2f69593e2188f5580532e90b0844216aa95a1dd64462dde65a2d40b55228e9995409f150111bbc834952aaa11b61fb0ec82a25c854449ef2be355291521148849162b9aa1790aa0159014e44352e35126790b146d548428a306678c65592862d19393018a7eba54c9a2b2b2a9114454544545414d167b22cd55f89cc55a0e71f7ff194f5acaeb554b2158134154eac5ac15e748369a2feb06102fd453d903b8928b4331bc889e44db6b973ee69ec7d2dd88ad6eec40b3c910d497b0c4eb77443b9149e1de27c91f2b817d08e6bee55b1d016399e03f722f784ac742cf1963a8220e82d9592b92179e02e01c14ee2c3fcb914355229a6d42bacb71dcb73924c3a5123ce3bd8c3bf024d95519f091c559242ca0bb3b4a94ca753b23a8bb1ca636829545654432a91151515114401d19255746b8a095412882324522ea68d6d099c46ba68135e554caaf11a4a8f82ddd36a8ac2ba085592a64c14cc7c852f2a7244a3a08cc40acf5e7d159048a0126a91c2c2226d54753c522f3b17ab223a38949a2275588a0910d6b2d208b5c544145e6485556f28451555c19d91dd110515ab95548a258ad093295278391a46a8c730a8b0742c04804164ef10cd50a859b3e751287576a1d22d68e88b09547442c705fedfb401a54468648b55652f4df8e52c8054cc7dc68e479555a8caa882a140b3d37a8272c548aa850aca2eb14b4bb0312a321911351b0f0d7a574dd88aca6708bb0e98df937753926a14bdae92d9da728e9580432d49b53c6824a240ac4b5d91e0955559aaaaaaaaaaaafeac8122746e6377564582905e9683043cf42860227dec50fec9249386038941fc387e483b488cbb1a13e05543fa3135f7382995d89dbe8583b9464e7143ddfae0aa37475f726928c248f54cab749c0f6c48ba2791645a9bc4882a10890941ff003ebe5bf4ae8229f422a284151515515166e2617ee0020a5409088c2ac11218a5d107cb42fb5111c162572aa89da7ea6c0223c044444227fd2698ab6e733415489b7751f11a116d44a2cd0bcd27024a56e8251136416aacea54941d607e4852c233993754f0877ebe073838c72ea72ea72ea51b93744f2857cb156c73d70820b39cba14a71b0a11a683b0b56aa856430b57063b326c2654502372329de0d504909f6f642668827797c08441213494e7edfe57ffd9, 812351354, NULL);
INSERT INTO `db_user` (`ID_USER`, `FIRST_NAME`, `LAST_NAME`, `EMAIL`, `PASSWORD`, `PROVINSI`, `CITY`, `DISTRICTS`, `PHOTO`, `PHONE`, `FAVORITE`) VALUES
(2003, 'admin', 'admin', 'admin@admin.com', 'admin', NULL, NULL, NULL, NULL, NULL, NULL),
(2010, 'Rendy', 'Yusuf', 'yusufrendi@gmail.com', 'aaaa', 'Jawa timur', 'Surabaya', 'Tambaksari', 0x6f72616e672d757365722e6a7067, 2147483647, '0');

-- --------------------------------------------------------

--
-- Struktur dari tabel `order_item`
--

CREATE TABLE `order_item` (
  `ID_ORDER_ITEM` int(11) NOT NULL,
  `ID_PRODUCT` int(11) DEFAULT NULL,
  `ID_ORDER` int(11) DEFAULT NULL,
  `PRICE` decimal(50,0) NOT NULL,
  `DISCOUNT` decimal(50,0) DEFAULT NULL,
  `QUANTITY` decimal(50,0) NOT NULL
) ENGINE=InnoDB DEFAULT CHARSET=utf8mb4;

-- --------------------------------------------------------

--
-- Struktur dari tabel `pesan`
--

CREATE TABLE `pesan` (
  `ID_ORDER` int(11) NOT NULL,
  `ID_USER` int(11) DEFAULT NULL,
  `TYPE_ADDRESS` varchar(100) NOT NULL,
  `FIRST_NAME` varchar(100) NOT NULL,
  `LAST_NAME` varchar(100) NOT NULL,
  `STREET` varchar(100) NOT NULL,
  `AREA` varchar(100) NOT NULL,
  `CITY` varchar(100) NOT NULL,
  `PHONE_NUMBER` int(11) NOT NULL,
  `INTRUCTION` varchar(1000) DEFAULT NULL,
  `DISCOUNT` decimal(50,0) DEFAULT NULL,
  `PRICE` decimal(50,0) NOT NULL,
  `DELIVERY_CHARGE` decimal(50,0) NOT NULL,
  `GRAND_TOTAL` decimal(50,0) NOT NULL,
  `CARD_NUMBER` int(11) NOT NULL,
  `CARD_NUMBER_NAME` varchar(11) NOT NULL,
  `EXPIRY_DATE` date NOT NULL,
  `CVV` int(3) NOT NULL
) ENGINE=InnoDB DEFAULT CHARSET=utf8mb4;

-- --------------------------------------------------------

--
-- Struktur dari tabel `product`
--

CREATE TABLE `product` (
  `ID_PRODUCT` int(11) NOT NULL,
  `NAME` varchar(100) NOT NULL,
  `BRAND` varchar(100) NOT NULL,
  `PRICE` decimal(50,0) NOT NULL,
  `DISCOUNT` decimal(50,0) DEFAULT NULL,
  `QUANTITY` decimal(50,0) NOT NULL,
  `gambar` varchar(100) NOT NULL,
  `tmp_discount` int(11) NOT NULL,
  `product_detail` mediumtext NOT NULL
) ENGINE=InnoDB DEFAULT CHARSET=utf8mb4;

--
-- Dumping data untuk tabel `product`
--

INSERT INTO `product` (`ID_PRODUCT`, `NAME`, `BRAND`, `PRICE`, `DISCOUNT`, `QUANTITY`, `gambar`, `tmp_discount`, `product_detail`) VALUES
(4011, 'mawar biru ', 'de jogh', '100000', '500', '13', 'mawar biru.jpg', 1, 'Mawar biru pada awalnya hanyalah sebuah mawar putih yang dicelupkan kedalam cairan berwarna biru sehingga menghasilkan bunga warna biru. Sebagaimana diketahui, tidak ada pigmen warna biru alami di dalam bunga-bunga mawar ketika direproduksi dari bunga mawar biru yang sebenarnya dengan cara metode pembiakan tradisional.'),
(4015, 'Keladi ', 'kedelai', '100000', '5500', '102', 'keladi.jpg', 6, 'Tanaman hias keladi dikenal dengan nama latin Caladium. ... Adapun ciri dari keladi, yaitu bentuk daun lebar memanjang ke depan membentuk hati, daun tipis, corak warna yang mencolok seperti hijau, putih, pink, dan merah, berumbi, dan tidak memiliki batang namun memiliki tangkai daun yang panjang'),
(4016, 'Raflesia ', 'Arnoldi', '150000', '15000', '36', 'raflesia.jpg', 10, 'Padma raksasa (Rafflesia arnoldii) merupakan tumbuhan parasit obligat yang tumbuh di dalam batang tumbuhan merambat dari genus Tetrastigma. Rafflesia arnoldii terkenal karena memiliki bunga yang sangat besar, bahkan terbesar di dunia. Rafflesia arnoldii tidak memiliki daun sehingga tidak mampu berfotosintesis'),
(4019, 'Bonsai ', 'Bonbonsai', '1000000', '150000', '11', 'bonsai.jpg', 15, 'Jenis Tanaman Bonsai Terbaik  Tanaman bonsai adalah pohon yang dikerdilkan dan biasanya bisa ditanam dalam sebuah pot tanaman. Biasanya tanaman bonsai dibuat sebagai miniatur dari bentuk asli pohon besar yang sudah tua di alam bebas untuk hiasan maupun sebagai tujuan pembelajaran.'),
(4020, 'Kamboja ', 'Kambodia', '15000', '500', '103', 'kamboja.jpg', 3, 'Tanaman kamboja mempunyai pohon dengan tinggi batang 1,5-6 m, bengkok, dan mengandung getah. Tumbuhan asal Amerika ini biasanya ditanam sebagai tanaman hias di pekarangan, taman, dan umumnya di daerah pekuburan, atau tumbuh secara liar. Tumbuh di daerah dataran rendah 1-700 m di atas permukaan laut'),
(4021, 'Kaktus ', 'Kaktua', '10000', '5000', '4987', 'kaktus.jpg', 50, 'Kaktus adalah nama yang diberikan untuk anggota tumbuhan berbunga famili Cactaceae. Kaktus dapat tumbuh pada waktu yang lama tanpa air. Kaktus biasa ditemukan di daerah-daerah yang kering (gurun).'),
(4022, 'Mawar Merah ', 'BEAR BREAND', '15000', '500', '102', 'mawar merah.jpg', 3, 'Tanaman mawar berbentuk semak dan tergolong tanaman yang mempunyai umur panjang atau tahunan. Memiliki stuktur batang berkayu, bercabang banyak, menghasilkan bunga secara terus menerus. Selama siklus hidupnya tanaman mawar terus tumbuh seolah-olah tidak terbatas dan masa produksinya berulang-ulang (Rukmana, 1995).'),
(4023, 'Greta Flower ', 'BEAR BRAND', '5000', '500', '10002', 'bunga bagus.jpg', 10, 'INI BUNGA BAGUS BANGET'),
(4024, 'Monstera Obligua ', 'JANDA BOLONG', '1000000', '50000', '102', 'janda bolong.jpg', 5, 'Janda bolong memiliki daun lebar berlubang-lubang. Ia juga dikenal dengan nama keju Swiss dan tanaman lima lubang. Tanaman ini tersebar luas di sebagian besar Amerika Selatan dan Amerika Tengah. Selain itu janda bolong juga bisa ditemukan di Hindia Barat, terutama di dekat lembah sungai dataran rendah.'),
(4027, 'Lavendar ', 'OBAT NYAMUK', '5000', '0', '50', 'lavendar.png', 0, 'Bunga lavender adalah bunga berwarna ungu yang sangat anggun, memiliki aroma yang harum namun menenangkan, juga melambangkan kemurnian.');

--
-- Indexes for dumped tables
--

--
-- Indeks untuk tabel `cart`
--
ALTER TABLE `cart`
  ADD PRIMARY KEY (`ID_CART`),
  ADD KEY `ID_USER` (`ID_USER`);

--
-- Indeks untuk tabel `cart_item`
--
ALTER TABLE `cart_item`
  ADD PRIMARY KEY (`ID_CART_ITEM`),
  ADD KEY `ID_CART` (`ID_CART`),
  ADD KEY `ID_PRODUCT` (`ID_PRODUCT`);

--
-- Indeks untuk tabel `category`
--
ALTER TABLE `category`
  ADD PRIMARY KEY (`ID_CATEGORY`);

--
-- Indeks untuk tabel `category_product`
--
ALTER TABLE `category_product`
  ADD PRIMARY KEY (`id_kunci`),
  ADD KEY `ID_CATEGORY` (`ID_CATEGORY`),
  ADD KEY `ID_PRODUCT` (`ID_PRODUCT`);

--
-- Indeks untuk tabel `checkout`
--
ALTER TABLE `checkout`
  ADD PRIMARY KEY (`ID_CHECKOUT`),
  ADD KEY `ID_CART` (`ID_CART`);

--
-- Indeks untuk tabel `db_admin`
--
ALTER TABLE `db_admin`
  ADD PRIMARY KEY (`ID_ADMIN`);

--
-- Indeks untuk tabel `db_user`
--
ALTER TABLE `db_user`
  ADD PRIMARY KEY (`ID_USER`);

--
-- Indeks untuk tabel `order_item`
--
ALTER TABLE `order_item`
  ADD PRIMARY KEY (`ID_ORDER_ITEM`),
  ADD KEY `ID_PRODUCT` (`ID_PRODUCT`),
  ADD KEY `ID_ORDER` (`ID_ORDER`);

--
-- Indeks untuk tabel `pesan`
--
ALTER TABLE `pesan`
  ADD PRIMARY KEY (`ID_ORDER`),
  ADD KEY `ID_USER` (`ID_USER`);

--
-- Indeks untuk tabel `product`
--
ALTER TABLE `product`
  ADD PRIMARY KEY (`ID_PRODUCT`);

--
-- AUTO_INCREMENT untuk tabel yang dibuang
--

--
-- AUTO_INCREMENT untuk tabel `cart`
--
ALTER TABLE `cart`
  MODIFY `ID_CART` int(11) NOT NULL AUTO_INCREMENT, AUTO_INCREMENT=3065;

--
-- AUTO_INCREMENT untuk tabel `cart_item`
--
ALTER TABLE `cart_item`
  MODIFY `ID_CART_ITEM` int(11) NOT NULL AUTO_INCREMENT, AUTO_INCREMENT=501335;

--
-- AUTO_INCREMENT untuk tabel `category`
--
ALTER TABLE `category`
  MODIFY `ID_CATEGORY` int(11) NOT NULL AUTO_INCREMENT, AUTO_INCREMENT=3004;

--
-- AUTO_INCREMENT untuk tabel `category_product`
--
ALTER TABLE `category_product`
  MODIFY `id_kunci` int(11) NOT NULL AUTO_INCREMENT, AUTO_INCREMENT=24;

--
-- AUTO_INCREMENT untuk tabel `checkout`
--
ALTER TABLE `checkout`
  MODIFY `ID_CHECKOUT` int(11) NOT NULL AUTO_INCREMENT, AUTO_INCREMENT=10005;

--
-- AUTO_INCREMENT untuk tabel `db_admin`
--
ALTER TABLE `db_admin`
  MODIFY `ID_ADMIN` int(11) NOT NULL AUTO_INCREMENT, AUTO_INCREMENT=1003;

--
-- AUTO_INCREMENT untuk tabel `db_user`
--
ALTER TABLE `db_user`
  MODIFY `ID_USER` int(11) NOT NULL AUTO_INCREMENT, AUTO_INCREMENT=2011;

--
-- AUTO_INCREMENT untuk tabel `order_item`
--
ALTER TABLE `order_item`
  MODIFY `ID_ORDER_ITEM` int(11) NOT NULL AUTO_INCREMENT;

--
-- AUTO_INCREMENT untuk tabel `pesan`
--
ALTER TABLE `pesan`
  MODIFY `ID_ORDER` int(11) NOT NULL AUTO_INCREMENT;

--
-- AUTO_INCREMENT untuk tabel `product`
--
ALTER TABLE `product`
  MODIFY `ID_PRODUCT` int(11) NOT NULL AUTO_INCREMENT, AUTO_INCREMENT=4028;

--
-- Ketidakleluasaan untuk tabel pelimpahan (Dumped Tables)
--

--
-- Ketidakleluasaan untuk tabel `cart`
--
ALTER TABLE `cart`
  ADD CONSTRAINT `cart_ibfk_1` FOREIGN KEY (`ID_USER`) REFERENCES `db_user` (`ID_USER`);

--
-- Ketidakleluasaan untuk tabel `cart_item`
--
ALTER TABLE `cart_item`
  ADD CONSTRAINT `cart_item_ibfk_1` FOREIGN KEY (`ID_CART`) REFERENCES `cart` (`ID_CART`),
  ADD CONSTRAINT `cart_item_ibfk_2` FOREIGN KEY (`ID_PRODUCT`) REFERENCES `product` (`ID_PRODUCT`);

--
-- Ketidakleluasaan untuk tabel `category_product`
--
ALTER TABLE `category_product`
  ADD CONSTRAINT `category_product_ibfk_1` FOREIGN KEY (`ID_CATEGORY`) REFERENCES `category` (`ID_CATEGORY`),
  ADD CONSTRAINT `category_product_ibfk_2` FOREIGN KEY (`ID_PRODUCT`) REFERENCES `product` (`ID_PRODUCT`);

--
-- Ketidakleluasaan untuk tabel `checkout`
--
ALTER TABLE `checkout`
  ADD CONSTRAINT `checkout_ibfk_1` FOREIGN KEY (`ID_CART`) REFERENCES `cart` (`ID_CART`);

--
-- Ketidakleluasaan untuk tabel `order_item`
--
ALTER TABLE `order_item`
  ADD CONSTRAINT `order_item_ibfk_1` FOREIGN KEY (`ID_PRODUCT`) REFERENCES `product` (`ID_PRODUCT`),
  ADD CONSTRAINT `order_item_ibfk_2` FOREIGN KEY (`ID_ORDER`) REFERENCES `pesan` (`ID_ORDER`);

--
-- Ketidakleluasaan untuk tabel `pesan`
--
ALTER TABLE `pesan`
  ADD CONSTRAINT `pesan_ibfk_1` FOREIGN KEY (`ID_USER`) REFERENCES `db_user` (`ID_USER`);
COMMIT;

/*!40101 SET CHARACTER_SET_CLIENT=@OLD_CHARACTER_SET_CLIENT */;
/*!40101 SET CHARACTER_SET_RESULTS=@OLD_CHARACTER_SET_RESULTS */;
/*!40101 SET COLLATION_CONNECTION=@OLD_COLLATION_CONNECTION */;
